ID,Project Title,Owner,Owner Type,Status,Country,Assign To
4522,Data Center GID,Built TECH,Contractor,Lose,Saudi Arabia,Mohamed Ali
4523,Data Center GID,Built TECH,Contractor,Lose,Saudi Arabia,Mohamed Ali
4524,Data Center GID,Built TECH,Contractor,Lose,Saudi Arabia,Mohamed Ali
4525,DOCKS AND NAVAL BASES FOR BORDER GUARDS,Alghanim International,Contractor,Sent,Saudi Arabia,Unassigned
4526,DOCKS AND NAVAL BASES FOR BORDER GUARDS,Alghanim International,Contractor,Lose,Saudi Arabia,Sherouk Ramdan
4527,DOCKS AND NAVAL BASES FOR BORDER GUARDS,Alghanim International,Contractor,Lose,Saudi Arabia,Sherouk Ramdan
4528,DOCKS AND NAVAL BASES FOR BORDER GUARDS,Alghanim International,Contractor,Lose,Saudi Arabia,Sherouk Ramdan
4529,IC Hotel Dana Bay,Jenan,Contractor,Lose,Saudi Arabia,Ahmed Mosbah
4530,IC Hotel Dana Bay,Jenan,Contractor,Done To Review,Saudi Arabia,Ghaidaa Saad
4531,IC Hotel Dana Bay,Jenan,Contractor,Lose,Saudi Arabia,Mahmoud Hassan
4532,IC Hotel Dana Bay,Jenan,Contractor,Lose,Egypt,Sherouk Ramdan
4533,IC Residence Dana Bay,Jenan,Contractor,Sent,Egypt,Mohamed Ali
4534,IC Residence Dana Bay,Jenan,Contractor,Sent,Egypt,Mohamed Ali
4535,IC Residence Dana Bay,Jenan,Contractor,Sent,Egypt,Mohamed Ali
4536,King Fahad University,Multi Works Co,Contractor,Lose,Saudi Arabia,Ahmed Mosbah
4537,King Fahad University,Multi Works Co,Contractor,Lose,Saudi Arabia,Ali Ketkat
4538,King Fahad University,Multi Works Co,Contractor,Lose,Saudi Arabia,Ali Ketkat
4539,King Salman Humanitarian Aid and Relief Centre store,?First Basics Contracting,Contractor,Lose,Saudi Arabia,Fathy Keshk
4540,King Salman Humanitarian Aid and Relief Centre store,?First Basics Contracting,Contractor,Lose,Saudi Arabia,Ghaidaa Saad
4541,King Salman Humanitarian Aid and Relief Centre store,?First Basics Contracting,Contractor,Lose,Saudi Arabia,Mahmoud Hassan
4542,King Salman Humanitarian Aid and Relief Centre store,?First Basics Contracting,Contractor,Lose,Saudi Arabia,Sherouk Ramdan
4543,Master Planning & Infrastructure for Technology  Zones,LABENAT ALBENA CO. ???? ???? ?????? ?????????,Contractor,Lose,Saudi Arabia,Fatma Hesham
4544,Narjis Business Park project,TAMEAR,Contractor,Lose,Saudi Arabia,Fatma Hesham
4545,Narjis Business Park project,TAMEAR,Contractor,Lose,Saudi Arabia,Fatma Hesham
4546,Narjis Business Park project,TAMEAR,Contractor,Lose,Saudi Arabia,Fatma Hesham
4547,Narjis Business Park project,TAMEAR,Contractor,cold case,Saudi Arabia,Unassigned
4548,Rua Al Madinah Project,BEC,Contractor,cold case,Saudi Arabia,Unassigned
4549,Rua Al Madinah Project,BEC,Contractor,cold case,Saudi Arabia,Unassigned
4550,Rua Al Madinah Project,BEC,Contractor,cold case,Saudi Arabia,Unassigned
4551,Rua Al Madinah Project,MOBCO,Contractor,cold case,Saudi Arabia,Unassigned
4552,Rua Al Madinah Project,MOBCO,Contractor,cold case,Saudi Arabia,Unassigned
4553,Rua Al Madinah Project,MOBCO,Contractor,cold case,Saudi Arabia,Unassigned
4554,Servcorp Office - Ground Floor Bussiness Gate,First Projects,Owner,Lose,Saudi Arabia,Unassigned
4555,31i-C03 project,Multi Works Co,Contractor,Lose,Saudi Arabia,Mohamed Ali
4556,"40 RBFs, 900 m2 in the industrial city of Sudair",LABENAT ALBENA CO,Contractor,cold case,Saudi Arabia,Sherouk Ramdan
4557,46 Al Malqa,Project Avenue,Owner,Lose,Saudi Arabia,Unassigned
4558,46 Al Malqa,Project Avenue,Owner,Lose,Saudi Arabia,Unassigned
4559,46 Al Malqa,Project Avenue,Owner,Lose,Saudi Arabia,Fatma Hesham
4560,5970-Exclusive Viewing Lounge (EVL) Managing Contractor Qiddiya,Consolidated Contractors Company,Contractor,Sent,Saudi Arabia,Mohamed Ali
4561,5970-Exclusive Viewing Lounge (EVL) Managing Contractor Qiddiya,Consolidated Contractors Company,Contractor,Sent,Saudi Arabia,Mohamed Ali
4562,5970-Exclusive Viewing Lounge (EVL) Managing Contractor Qiddiya,Consolidated Contractors Company,Contractor,Sent,Saudi Arabia,Mohamed Ali
4563,5970-Exclusive Viewing Lounge (EVL) Managing Contractor Qiddiya,Consolidated Contractors Company,Contractor,cold case,Saudi Arabia,Unassigned
4564,A residential compound project in Al-Nasiriyah District,Riva Contracting,Contractor,Sent,Saudi Arabia,Fatma Hesham
4565,A residential compound project in Al-Nasiriyah District,Riva Contracting,Contractor,Sent,Saudi Arabia,Fatma Hesham
4566,A residential compound project in Al-Nasiriyah District,Riva Contracting,Contractor,Under Study,Saudi Arabia,Unassigned
4567,A residential compound project in Al-Nasiriyah District,Riva Contracting,Contractor,Sent,Saudi Arabia,Fatma Hesham
4568,Abd Al Aziz Al Qasem,????? | Azdan,Contractor,Lose,Saudi Arabia,Ahmed Mosbah
4569,Abd Al Aziz Al Qasem,????? | Azdan,Contractor,Lose,Saudi Arabia,Mohamed Ali
4570,Abd Al Aziz Al Qasem,????? | Azdan,Contractor,Lose,Saudi Arabia,Nada Mohamed
4571,Abu Arish Complex,EMC,Contractor,Lose,Saudi Arabia,Ahmed Mosbah
4572,Abu Arish Complex,EMC,Contractor,Lose,Saudi Arabia,Sherouk Ramdan
4573,Abu Arish Complex,EMC,Contractor,Lose,Saudi Arabia,Sherouk Ramdan
4574,Abu Arish Complex,EMC,Contractor,Lose,Saudi Arabia,Sherouk Ramdan
4575,Abyat Al Qassim,Deutschland Technology Limited,Contractor,Lose,Saudi Arabia,Ahmed Farawilo
4576,Acacia Real Estate (???????),ACACIA Real Estate,Owner,Lose,Saudi Arabia,Unassigned
4577,Acacia Real Estate (???????),ACACIA Real Estate,Owner,Lose,Saudi Arabia,Unassigned
4578,Acacia Real Estate (???????),ACACIA Real Estate,Owner,Lose,Saudi Arabia,Unassigned
4579,Acacia Real Estate (???????),ACACIA Real Estate,Owner,Sent,Saudi Arabia,Unassigned
4580,ACWA Power HQ,IHCC,Contractor,Postponed,Saudi Arabia,Ahmed Farawilo
4581,ACWA Power HQ,IHCC,Contractor,Postponed,Saudi Arabia,Faiza Ahmed
4582,ACWA Power HQ,IHCC,Contractor,Postponed,Saudi Arabia,Nourhan Mohamed
4583,ACWA Power HQ,IHCC,Contractor,Postponed,Saudi Arabia,Nourhan Mohamed
4584,Air defense building,AICC,Contractor,Sent,Saudi Arabia,Unassigned
4585,Air defense building,AICC,Contractor,Sent,Saudi Arabia,Unassigned
4586,Air defense building,AICC,Contractor,Sent,Saudi Arabia,Unassigned
4587,Air defense building,AICC,Contractor,cold case,Saudi Arabia,Unassigned
4588,AIR DEFENSE WAREHOUSE,AICC,Contractor,cold case,Saudi Arabia,Unassigned
4589,AIR DEFENSE WAREHOUSE,AICC,Contractor,Sent,Saudi Arabia,Fatma Hesham
4590,AIR DEFENSE WAREHOUSE,AICC,Contractor,Sent,Saudi Arabia,Fatma Hesham
4591,AIR DEFENSE WAREHOUSE,AICC,Contractor,Sent,Saudi Arabia,Fatma Hesham
4592,Airport Service Buildings-in Jubail,SATCO,Contractor,Sent,Saudi Arabia,Mohamed Ali
4593,Airport Service Buildings-in Jubail,SATCO,Contractor,Sent,Saudi Arabia,Mohamed Ali
4594,Airport Service Buildings-in Jubail,SATCO,Contractor,Sent,Saudi Arabia,Mohamed Ali
4595,Ajlan&Bros Al Narjis Plus Project,Msandh Alemdad,Contractor,Sent,Saudi Arabia,Faiza Ahmed
4596,Ajlan&Bros Al Narjis Plus Project,Msandh Alemdad,Contractor,Sent,Saudi Arabia,Mohamed Ali
4597,Ajlan&Bros Al Narjis Plus Project,Msandh Alemdad,Contractor,Sent,Saudi Arabia,Mohamed Ali
4598,AKARIA mall renovation,TAMEAR,Owner,Lose,Saudi Arabia,Fathy Keshk
4599,AKARIA mall renovation,TAMEAR,Owner,Lose,Saudi Arabia,Ghaidaa Saad
4600,AKARIA mall renovation,TAMEAR,Owner,Lose,Saudi Arabia,Mohamed Ali
4601,AKARIA mall renovation,TAMEAR,Owner,Lose,Saudi Arabia,Nourhan Mohamed
4602,Al Aisa Family Residence,AL MABANI AL UMUMIYYAH,Contractor,Lose,Saudi Arabia,Mahmoud Hassan
4603,Al Aisa Family Residence,AL MABANI AL UMUMIYYAH,Contractor,Sent,Saudi Arabia,Sherouk Ramdan
4604,Al Ajlan HQ Tower,Alajlan Riviera  ??????? ???????,Owner,Lose,Saudi Arabia,Faiza Ahmed
4605,Al Ajlan HQ Tower,Alajlan Riviera  ??????? ???????,Owner,Lose,Saudi Arabia,Sherouk Ramdan
4606,Al Ajlan HQ Tower,Alajlan Riviera  ??????? ???????,Owner,Lose,Saudi Arabia,Sherouk Ramdan
4607,Al Ajlan HQ Tower,Alajlan Riviera  ??????? ???????,Owner,Lose,Saudi Arabia,Sherouk Ramdan
4608,Al Ajlan HQ Tower,LPCC,Contractor,Lose,Saudi Arabia,Faiza Ahmed
4609,Al Ajlan HQ Tower,LPCC,Contractor,Lose,Saudi Arabia,Sherouk Ramdan
4610,Al Ajlan HQ Tower,LPCC,Contractor,Lose,Saudi Arabia,Sherouk Ramdan
4611,Al Ajlan HQ Tower,LPCC,Contractor,Lose,Saudi Arabia,Sherouk Ramdan
4612,AL AKARIA COMPOUND GATE 6,TAMEAR,Owner,Lose,Saudi Arabia,Fathy Keshk
4613,AL AKARIA COMPOUND GATE 6,TAMEAR,Owner,Lose,Saudi Arabia,Ghaidaa Saad
4614,AL AKARIA COMPOUND GATE 6,TAMEAR,Owner,Lose,Saudi Arabia,Nada Mohamed
4615,AL AKARIA COMPOUND GATE 6,TAMEAR,Owner,Lose,Saudi Arabia,Sherouk Ramdan
4616,Al Akariah Apartment Community,Shade Corporation,Contractor,Under Study,Saudi Arabia,Unassigned
4617,Al Arous,SHAR,Contractor,Lose,Saudi Arabia,Fathy Keshk
4618,Al Arous,SHAR,Contractor,Sent,Saudi Arabia,Mohamed Ali
4619,Al Arous,SHAR,Contractor,Sent,Saudi Arabia,Sherouk Ramdan
4620,AL ATIRA Villas- Alnarjis District Riyadh,Thabat Construction,Contractor,Lose,Saudi Arabia,Ahmed Farawilo
4621,AL ATIRA Villas- Alnarjis District Riyadh,Thabat Construction,Contractor,Lose,Saudi Arabia,Ahmed Farawilo
4622,AL ATIRA Villas- Alnarjis District Riyadh,Thabat Construction,Contractor,Lose,Saudi Arabia,Faiza Ahmed
4623,Al Fanar,Hashem Contracting,Contractor,Sent,Saudi Arabia,Unassigned
4624,Al Ghadeer Villa,Almustwa Engineering Consultant,Contractor,Sent,Saudi Arabia,Unassigned
4625,Al Liwan Residential Complex,Mostafa Abd Elrahman Rajab,Contractor,Lose,Saudi Arabia,Unassigned
4626,Al Mana New Riyadh Hospital,Projects Destinations Construction Co. - Wejhat,Contractor,Sent,Saudi Arabia,Faiza Ahmed
4627,AL MANAH NEW RIYADH HOSPITAL,AL SAAD GENERAL CONTRACTING,Contractor,cold case,Saudi Arabia,Faiza Ahmed
4628,AL MANAH NEW RIYADH HOSPITAL,AL SAAD GENERAL CONTRACTING,Contractor,Sent,Saudi Arabia,Mohamed Ali
4629,AL MANAH NEW RIYADH HOSPITAL,AL SAAD GENERAL CONTRACTING,Contractor,Sent,Saudi Arabia,Nourhan Mohamed
4630,AL MANAH NEW RIYADH HOSPITAL,AL SAAD GENERAL CONTRACTING,Contractor,Sent,Saudi Arabia,Sherouk Ramdan
4631,Al Munsiyah,Details Real Estate,Contractor,Closed Won,Saudi Arabia,Sherouk Ramdan
4632,Al Murjan Private Villas Project,FMC Construction,Contractor,Postponed,Saudi Arabia,Ahmed Farawilo
4633,Al Murjan Private Villas Project,FMC Construction,Contractor,Postponed,Saudi Arabia,Ahmed Farawilo
4634,Al Murjan Private Villas Project,FMC Construction,Contractor,Postponed,Saudi Arabia,Ahmed Farawilo
4635,Al Murjan Private Villas Project,FMC Construction,Contractor,Postponed,Saudi Arabia,Radwa Ahmed
4636,Al Nahda Entertainment Complex,Consolidated Contractors Company,Contractor,Lose,Saudi Arabia,Ahmed Mosbah
4637,Al Nahda Entertainment Complex,Consolidated Contractors Company,Contractor,Lose,Saudi Arabia,Sherouk Ramdan
4638,AL Naheel Villas,First Projects,Owner,Lose,Saudi Arabia,Fatma Hesham
4639,Al Nakheel Villas,First Projects,Owner,Lose,Saudi Arabia,Faiza Ahmed
4640,Al Nakheel Villas,First Projects,Owner,Lose,Saudi Arabia,Fatma Hesham
4641,Al Nakheel Villas,First Projects,Owner,Lose,Saudi Arabia,Fatma Hesham
4642,Al Qirwan,AlSharif Group Holding,Contractor,Lose,Saudi Arabia,Mohamed Ali
4643,Al Rajhi Office Building Project,OZOD Contracting,Contractor,Sent,Saudi Arabia,Sherouk Ramdan
4644,Al Rajhi Office Building Project,OZOD Contracting,Contractor,Sent,Saudi Arabia,Sherouk Ramdan
4645,Al Rajhi Office Building Project,OZOD Contracting,Contractor,Sent,Saudi Arabia,Sherouk Ramdan
4646,Al Rajhi Office Building Project,OZOD Contracting,Contractor,Sent,Saudi Arabia,Faiza Ahmed
4647,Al Rashid Villa,BSCC,Contractor,Sent,Saudi Arabia,Mohamed Ali
4648,Al Rashid Villa,BSCC,Contractor,Sent,Saudi Arabia,Mohamed Ali
4649,Al Rashid Villa,BSCC,Contractor,cold case,Saudi Arabia,Unassigned
4650,Al Rossais Tower,Bani Company,Contractor,Lose,Saudi Arabia,Unassigned
4651,Al Rossais Tower,Bani Company,Contractor,Lose,Saudi Arabia,Mohamed Ali
4652,Al Sahafa District Tower,Building Methods Contracting (BMC),Contractor,Lose,Saudi Arabia,Unassigned
4653,Al Sahafa District Tower,Building Methods Contracting (BMC),Contractor,Lose,Saudi Arabia,Faiza Ahmed
4654,Al Sahafa District Tower,Building Methods Contracting (BMC),Contractor,Lose,Saudi Arabia,Mohamed Ali
4655,AL TAIF CINEMA,Asass Construction,Contractor,cold case,Saudi Arabia,Unassigned
4656,AL TAIF CINEMA,Asass Construction,Contractor,Lose,Saudi Arabia,Mohamed Ali
4657,AL TAIF CINEMA,Asass Construction,Contractor,Lose,Saudi Arabia,Mohamed Ali
4658,AL TAIF CINEMA,Asass Construction,Contractor,Lose,Saudi Arabia,Mohamed Ali
4659,AL URUBAH PARK,Riyadh Villas Contracting Company,Contractor,Sent,Saudi Arabia,Sherouk Ramdan
4660,AL Urubah Park,Maramer Contracting Co,Contractor,cold case,Saudi Arabia,Unassigned
4661,AL Urubah Park,Maramer Contracting Co.,Contractor,cold case,Saudi Arabia,Unassigned
4662,Al Yasmeen Development | Phase 2 | Hospital,Al Majal Al Arabi Group,Contractor,Postponed,Saudi Arabia,Faiza Ahmed
4663,Al Yasmeen Development | Phase 2 | Hospital,Al Majal Al Arabi Group,Contractor,Sent,Saudi Arabia,Nourhan Mohamed
4664,Al Yasmeen Development | Phase 2 | Hospital,Al Majal Al Arabi Group,Contractor,Sent,Saudi Arabia,Nourhan Mohamed
4665,Al Yasmeen Development | Phase 2 | Hospital,Al Majal Al Arabi Group,Contractor,Sent,Saudi Arabia,Nourhan Mohamed
4666,Ala Khotah,Profast,Contractor,Lose,Saudi Arabia,Mohamed Ali
4667,Alaa Khotah,Profast,Contractor,Lose,Saudi Arabia,Faiza Ahmed
4668,Alaa Khotah,Profast,Contractor,Lose,Saudi Arabia,Mohamed Ali
4669,Alaa Khotah,Profast,Contractor,Lose,Saudi Arabia,Mohamed Ali
4670,AlAndalus Mall,AlAndalus Property Company,Contractor,cold case,Saudi Arabia,Unassigned
4671,AlAndalus Mall,AlAndalus Property Company,Contractor,cold case,Saudi Arabia,Unassigned
4672,Al-Dhula’an Project,ACACIA Real Estate,Contractor,Postponed,Saudi Arabia,Unassigned
4673,Al-Dhula’an Project,ACACIA Real Estate,Contractor,Postponed,Saudi Arabia,Unassigned
4674,ALHAMMADI HOSPITAL-ADMIN-ACCOMMDATION-RIYADH,Hashem Contracting,Contractor,Lose,Saudi Arabia,Nourhan Mohamed
4675,ALHAMMADI HOSPITAL-ADMIN-ACCOMMDATION-RIYADH,Hashem Contracting,Contractor,Lose,Saudi Arabia,Sherouk Ramdan
4676,ALHAMMADI HOSPITAL-ADMIN-ACCOMMDATION-RIYADH,Hashem Contracting,Contractor,Lose,Saudi Arabia,Sherouk Ramdan
4677,AlJouf New Airport,BAUMAT,Contractor,Lose,Saudi Arabia,Unassigned
4678,AlJouf New Airport,BAUMAT,Contractor,Lose,Saudi Arabia,Unassigned
4679,AlJouf New Airport,BAUMAT,Contractor,Lose,Saudi Arabia,Unassigned
4680,AlJouf New Airport,BAUMAT,Contractor,cold case,Saudi Arabia,Unassigned
4681,ALMANA NEW RIYADH HOSPITAL,Hashem Contracting,Contractor,Lose,Saudi Arabia,Mohamed Ali
4682,ALMANA NEW RIYADH HOSPITAL,Hashem Contracting,Contractor,Lose,Saudi Arabia,Nourhan Mohamed
4683,ALMANA NEW RIYADH HOSPITAL,Hashem Contracting,Contractor,Lose,Saudi Arabia,Sherouk Ramdan
4684,ALMARAI,Hashem Contracting,Contractor,Lose,Saudi Arabia,Ghaidaa Saad
4685,ALMARAI,Hashem Contracting,Contractor,Sent,Saudi Arabia,Nada Mohamed
4686,"Al-Mousa Hospital Project in Al-Sulaimaniyah District, Al-Ahsa",GLOBLE .GCC,Contractor,cold case,Saudi Arabia,Unassigned
4687,"Al-Mousa Hospital Project in Al-Sulaimaniyah District, Al-Ahsa",GLOBLE .GCC,Contractor,cold case,Saudi Arabia,Unassigned
4688,"Al-Mousa Hospital Project in Al-Sulaimaniyah District, Al-Ahsa",GLOBLE .GCC,Contractor,cold case,Saudi Arabia,Unassigned
4689,"Al-Mousa Hospital Project in Al-Sulaimaniyah District, Al-Ahsa",GLOBLE .GCC,Contractor,cold case,Saudi Arabia,Unassigned
4690,AL-NARJIS,Details Real Estate,Contractor,Closed Won,Saudi Arabia,Nourhan Mohamed
4691,ALqurinia water network,SATC,Contractor,cold case,Saudi Arabia,Unassigned
4692,Al-Quway'iyah Sports Club Project,Bashaer Al-Benaa,Contractor,Sent,Saudi Arabia,Mohamed Ali
4693,Al-Sawari,AL Yamama water Projects,Contractor,cold case,Saudi Arabia,Faiza Ahmed
4694,Al-Sawari,AL Yamama water Projects,Contractor,cold case,Saudi Arabia,Mohamed Ali
4695,Al-Sawari,AL Yamama water Projects,Contractor,cold case,Saudi Arabia,Mohamed Ali
4696,Al-Sawari,AL Yamama water Projects,Contractor,cold case,Saudi Arabia,Mohamed Ali
4697,Al-Shifa Health Center,Projects Destinations Construction Co. - Wejhat,Contractor,Postponed,Saudi Arabia,Unassigned
4698,Al-Shifa Health Center,Projects Destinations Construction Co. - Wejhat,Contractor,Postponed,Saudi Arabia,Unassigned
4699,Al-Shifa Health Center,Projects Destinations Construction Co. - Wejhat,Contractor,Postponed,Saudi Arabia,Unassigned
4700,Al-Shifa Health Center,Projects Destinations Construction Co. - Wejhat,Contractor,Postponed,Saudi Arabia,Unassigned
4701,AlUla Collection Facility,Consolidated Contractors Company,Contractor,Sent,Saudi Arabia,Fatma Hesham
4702,AlUla Collection Facility,Consolidated Contractors Company,Contractor,Sent,Saudi Arabia,Fatma Hesham
4703,AlUla Collection Facility,Consolidated Contractors Company,Contractor,Sent,Saudi Arabia,Fatma Hesham
4704,AlUla Collection Facility,Consolidated Contractors Company,Contractor,Postponed,Saudi Arabia,Unassigned
4705,Al-Waseel Farm Guest Building,Horizons contracting,Contractor,Sent,Saudi Arabia,Faiza Ahmed
4706,Al-Waseel Farm Guest Building,Horizons contracting,Contractor,Sent,Saudi Arabia,Mohamed Ali
4707,Al-Waseel Farm Guest Building,Horizons contracting,Contractor,Sent,Saudi Arabia,Mohamed Ali
4708,Alzal Street Food,Saudi Geo Co,Contractor,Lose,Saudi Arabia,Faiza Ahmed
4709,Alzal Street Food,Saudi Geo Co,Contractor,Lose,Saudi Arabia,Sherouk Ramdan
4710,Alzal Street Food,Saudi Geo Co,Contractor,Lose,Saudi Arabia,Sherouk Ramdan
4711,Alzal Street Food,Saudi Geo Co,Contractor,Lose,Saudi Arabia,Sherouk Ramdan
4712,AL-ZAMIL LABOR CAMP,MAS Engineering and Construction Company Ltd,Contractor,Lose,Saudi Arabia,Mohamed Ali
4713,AL-ZAMIL LABOR CAMP,MAS Engineering and Construction Company Ltd,Contractor,Lose,Saudi Arabia,Mohamed Ali
4714,AL-ZAMIL LABOR CAMP,MAS Engineering and Construction Company Ltd,Contractor,Lose,Saudi Arabia,Mohamed Ali
4715,AMAALA staff village,AMANA Group,Contractor,Lose,Saudi Arabia,Unassigned
4716,Anas Ibn Malik Building,Zaid Alhussain & Brothers Group,Contractor,Lose,Saudi Arabia,Sherouk Ramdan
4717,Arafat Villas Project,MBL,Contractor,Postponed,Saudi Arabia,Fatma Hesham
4718,Arafat Villas Project,MBL,Contractor,Sent,Saudi Arabia,Unassigned
4719,Aramco,Alascon Company Limited,Contractor,cold case,Saudi Arabia,Unassigned
4720,Archive building,SAMTEC Contracting Company,Contractor,Lose,Saudi Arabia,Mohamed Ali
4721,Archive building,SAMTEC Contracting Company,Contractor,Lose,Saudi Arabia,Mohamed Ali
4722,Archive building,SAMTEC Contracting Company,Contractor,Lose,Saudi Arabia,Mohamed Ali
4723,AREIC TOWER PROJECT (Riyadh),Hashem Contracting,Contractor,Sent,Saudi Arabia,Nourhan Mohamed
4724,AREIC TOWER PROJECT (Riyadh),Hashem Contracting,Contractor,Sent,Saudi Arabia,Nourhan Mohamed
4725,Areic Tower-Al Wurud,MOBCO Construction,Contractor,cold case,Saudi Arabia,Unassigned
4726,Areic Tower-Al Wurud,MOBCO Construction,Contractor,Sent,Saudi Arabia,Nourhan Mohamed
4727,Areic Tower-Al Wurud,MOBCO Construction,Contractor,Sent,Saudi Arabia,Nourhan Mohamed
4728,Areic Tower-Al Wurud,MOBCO Construction,Contractor,Sent,Saudi Arabia,Nourhan Mohamed
4729,Banan City- Infra & Roads - BV1.1&1.2 -Riyadh,Thabat Construction,Contractor,Lose,Saudi Arabia,Faiza Ahmed
4730,Banan City- Infra & Roads - BV1.1&1.2 -Riyadh,Thabat Construction,Contractor,Lose,Saudi Arabia,Mohamed Ali
4731,Banan City- Infra & Roads - BV1.1&1.2 -Riyadh,Thabat Construction,Contractor,Lose,Saudi Arabia,Mohamed Ali
4732,Banan Main Roads,Razek Contracting Company,Contractor,cold case,Saudi Arabia,Unassigned
4733,Banan Main Roads,Razek Contracting Company,Contractor,cold case,Saudi Arabia,Sherouk Ramdan
4734,Banan Project,Construct,Contractor,Lose,Saudi Arabia,Unassigned
4735,Banan project,SQUARE Engineering,Contractor,Lose,Saudi Arabia,Ahmed Mosbah
4736,Banan project,SQUARE Engineering,Contractor,Lose,Saudi Arabia,Ghaidaa Saad
4737,Banan project,SQUARE Engineering,Contractor,Lose,Saudi Arabia,Ghaidaa Saad
4738,Banan project,SQUARE Engineering,Contractor,Lose,Saudi Arabia,Ghaidaa Saad
4739,Banan Project,Construct,Contractor,Lose,Saudi Arabia,Mohamed Ali
4740,Banan Project,Construct,Contractor,Lose,Saudi Arabia,Mohamed Ali
4741,Banan Project,Construct,Contractor,Lose,Saudi Arabia,Mohamed Ali
4742,Bank tower project,MNC Construction,Contractor,Lose,Saudi Arabia,Unassigned
4743,Bank tower project,MNC Construction,Contractor,Lose,Saudi Arabia,Sherouk Ramdan
4744,Bank tower project,MNC Construction,Contractor,Lose,Saudi Arabia,Sherouk Ramdan
4745,Basmeh cold store,?First Basics Contracting,Contractor,Lose,Saudi Arabia,Sherouk Ramdan
4746,Basmeh cold store,?First Basics Contracting,Contractor,Sent,Saudi Arabia,Sherouk Ramdan
4747,Basmeh Cold Store Project,Bait El Galeed,Contractor,Sent,Saudi Arabia,Unassigned
4748,Bdryh Alshnan,Bdryh Alshnan,-,Sent,Saudi Arabia,Mahmoud Hassan
4749,BOXOOO,Areeb,Contractor,Lose,Saudi Arabia,Fatma Hesham
4750,BOXOOO,Areeb,Contractor,Lose,Saudi Arabia,Fatma Hesham
4751,BOXOOO,Areeb,Contractor,cold case,Saudi Arabia,Unassigned
4752,BOXOOO,Areeb,Contractor,Lose,Saudi Arabia,Fatma Hesham
4753,BOXOOO,Vision Business Services Co.,Contractor,Sent,Saudi Arabia,Fatma Hesham
4754,BOXOOO,Vision Business Services Co.,Contractor,Sent,Saudi Arabia,Fatma Hesham
4755,BOXOOO,Vision Business Services Co.,Contractor,Under Study,Saudi Arabia,Unassigned
4756,BOXOOO,Vision Business Services Co.,Contractor,Sent,Saudi Arabia,Fatma Hesham
4757,Bread Factory,ORAK,-,Sent,Saudi Arabia,Unassigned
4758,Bread Factory,ORAK,-,Sent,Saudi Arabia,Unassigned
4759,Bread Factory,ORAK,-,Sent,Saudi Arabia,Unassigned
4760,Bread Factory,ORAK,-,Sent,Saudi Arabia,Unassigned
4761,B-S-1562 - Sports Boulevard Foundation (SPBF),El Seif Engineering Contracting Co,-,cold case,Saudi Arabia,Unassigned
4762,B-S-1562 - Sports Boulevard Foundation (SPBF),El Seif Engineering Contracting Co,-,Sent,Saudi Arabia,Mohamed Ali
4763,B-S-1562 - Sports Boulevard Foundation (SPBF),El Seif Engineering Contracting Co,-,Sent,Saudi Arabia,Mohamed Ali
4764,B-S-1562 - Sports Boulevard Foundation (SPBF),El Seif Engineering Contracting Co,-,Sent,Saudi Arabia,Mohamed Ali
4765,Buruj Masiyah Bidding,Buruj Masiyah Bidding,-,Lose,Saudi Arabia,Faiza Ahmed
4766,Buruj Masiyah Bidding,Buruj Masiyah Bidding,-,Lose,Saudi Arabia,Sherouk Ramdan
4767,Buruj Masiyah Bidding,Buruj Masiyah Bidding,-,Lose,Saudi Arabia,Sherouk Ramdan
4768,Business Avenue,AICC,Contractor,Lose,Saudi Arabia,Faiza Ahmed
4769,Business Avenue,AICC,Contractor,Lose,Saudi Arabia,Sherouk Ramdan
4770,Business Avenue,AICC,Contractor,Lose,Saudi Arabia,Sherouk Ramdan
4771,CASA,Multi Works Co,-,Lose,Saudi Arabia,Mohamed Ali
4772,CASA,Multi Works Co,-,Lose,Saudi Arabia,Sherouk Ramdan
4773,CASA,Multi Works Co,-,Lose,Saudi Arabia,Sherouk Ramdan
4774,CASA,Multi Works Co,-,Lose,Saudi Arabia,Sherouk Ramdan
4775,Ceer Automotive,MBL,-,cold case,Saudi Arabia,Fathy Keshk
4776,CENTER FOR SAFEGUARDING INTELLECT,Riyadh Villas Contracting Company,Contractor,Under Study,Saudi Arabia,Unassigned
4777,CENTER FOR SAFEGUARDING INTELLECT,Riyadh Villas Contracting Company,Contractor,Under Study,Saudi Arabia,Unassigned
4778,CENTER FOR SAFEGUARDING INTELLECT,Riyadh Villas Contracting Company,Contractor,Under Study,Saudi Arabia,Unassigned
4779,CENTER FOR SAFEGUARDING INTELLECT,Riyadh Villas Contracting Company,Contractor,Under Study,Saudi Arabia,Unassigned
4780,CENTRAL ARCHIVE BUILDING,Alghanim International,Contractor,Postponed,Saudi Arabia,Faiza Ahmed
4781,Chedi Hegra,Craft Group,-,Lose,Saudi Arabia,Unassigned
4782,Chedi Hegra,Craft Group,-,Lose,Saudi Arabia,Unassigned
4783,Chedi Hegra,Craft Group,-,cold case,Saudi Arabia,Unassigned
4784,Chedi Hegra,Craft Group,-,Lose,Saudi Arabia,Unassigned
4785,CHEVRON RESIDENTIAL COMPLEX,DTC,Contractor,cold case,Saudi Arabia,Faiza Ahmed
4786,Civil Defense Training Center in Qassim,Awj International Contracting Co,-,cold case,Saudi Arabia,Unassigned
4787,Civil Defense Training Center in Qassim,Awj International Contracting Co,-,cold case,Saudi Arabia,Unassigned
4788,Civil Defense Training Center in Qassim,Awj International Contracting Co,-,cold case,Saudi Arabia,Unassigned
4789,Civil Defense Training Center in Qassim,Awj International Contracting Co,-,cold case,Saudi Arabia,Unassigned
4790,Cluster 5 - Munsiya,Ramz Kayan,-,Sent,Saudi Arabia,Unassigned
4791,Cluster 5 - Munsiya,Ramz Kayan,-,Sent,Saudi Arabia,Unassigned
4792,Cluster 5 - Munsiya,Ramz Kayan,-,cold case,Saudi Arabia,Unassigned
4793,Coast guard project,Al Fahd Company,-,Sent,Saudi Arabia,Faiza Ahmed
4794,COMPREHENSIVE CORRIDOR DEVELOPMENT PLAN FOR KING ABDULAZIZ ROAD,China State Construction,Contractor,cold case,Saudi Arabia,Unassigned
4795,COMPREHENSIVE CORRIDOR DEVELOPMENT PLAN FOR KING ABDULAZIZ ROAD,China State Construction,Contractor,Sent,Saudi Arabia,Mohamed Ali
4796,COMPREHENSIVE CORRIDOR DEVELOPMENT PLAN FOR KING ABDULAZIZ ROAD,China State Construction,Contractor,Sent,Saudi Arabia,Mohamed Ali
4797,COMPREHENSIVE CORRIDOR DEVELOPMENT PLAN FOR KING ABDULAZIZ ROAD,China State Construction,Contractor,Sent,Saudi Arabia,Mohamed Ali
4798,COMPREHENSIVE CORRIDOR DEVELOPMENT PLAN FOR PRINCE TURKI ROAD,SAMA Construction,-,Lose,Saudi Arabia,Unassigned
4799,COMPREHENSIVE CORRIDOR DEVELOPMENT PLAN FOR PRINCE TURKI ROAD,SAMA Construction,-,Lose,Saudi Arabia,Ahmed Mosbah
4800,Construction of Facility For Green Riyadh,Abdullah  Al Sayegh,-,Lose,Saudi Arabia,Mahmoud Hassan
4801,CONSTRUCTION OF KING ABDULAZIZ PARK,Armada Holding | ?????? ???????,-,Lose,Saudi Arabia,Mohamed Ali
4802,CONSTRUCTION OF KING ABDULAZIZ PARK,Armada Holding | ?????? ???????,-,Lose,Saudi Arabia,Mohamed Ali
4803,CONSTRUCTION OF KING ABDULAZIZ PARK,Armada Holding | ?????? ???????,-,Lose,Saudi Arabia,Mohamed Ali
4804,CONSTRUCTION OF KING ABDULAZIZ PARK,Armada Holding | ?????? ???????,-,cold case,Saudi Arabia,Faiza Ahmed
4805,Construction of Northwest Transport Hub at Resort Core – sub district 3 in Qiddiya,Combined Group Contracting Co. (K.S.C.),-,cold case,Saudi Arabia,Nourhan Mohamed
4806,Construction of Northwest Transport Hub at Resort Core – sub district 3 in Qiddiya,Combined Group Contracting Co. (K.S.C.),-,cold case,Saudi Arabia,Nourhan Mohamed
4807,CONSTRUCTION OF PRIMARY CARE & DENTAL CLINICS KFMMC - DHAHRAN,Al-Mawraqi,-,Sent,Saudi Arabia,Faiza Ahmed
4808,CONSTRUCTION OF PRIMARY CARE & DENTAL CLINICS KFMMC - DHAHRAN,Al-Mawraqi,-,Sent,Saudi Arabia,Mohamed Ali
4809,CONSTRUCTION OF PRIMARY CARE & DENTAL CLINICS KFMMC - DHAHRAN,Al-Mawraqi,-,Sent,Saudi Arabia,Mohamed Ali
4810,CONSTRUCTION OF PRIMARY CARE & DENTAL CLINICS KFMMC - DHAHRAN,Al-Mawraqi,-,Sent,Saudi Arabia,Mohamed Ali
4811,Construction of Storage and Pumping Facilities for TSE at Manfouha,Abdullah Ibrahim Al Sayegh,Contractor,Sent,Saudi Arabia,Nourhan Mohamed
4812,Construction of Storage and Pumping Facilities for TSE at Manfouha,Abdullah Ibrahim Al Sayegh,Contractor,Sent,Saudi Arabia,Nourhan Mohamed
4813,Construction of the buildings for the Elite Athletes Training Center at King Abdullah Sports City in Jeddah,SHAR,Contractor,Sent,Saudi Arabia,Unassigned
4814,Construction of the buildings for the Elite Athletes Training Center at King Abdullah Sports City in Jeddah,SHAR,Contractor,Sent,Saudi Arabia,Mohamed Ali
4815,Construction of the buildings for the Elite Athletes Training Center at King Abdullah Sports City in Jeddah,SHAR,Contractor,Sent,Saudi Arabia,Mohamed Ali
4816,Construction of the buildings for the Elite Athletes Training Center at King Abdullah Sports City in Jeddah,SHAR,Contractor,Sent,Saudi Arabia,Mohamed Ali
4817,Construction of the security facilities building at the fifth site in Riyadh,Msandh Alemdad,Contractor,Postponed,Saudi Arabia,Unassigned
4818,Construction of the security facilities building at the fifth site in Riyadh,Msandh Alemdad,Contractor,Postponed,Saudi Arabia,Mohamed Ali
4819,Construction of the security facilities building at the fifth site in Riyadh,Msandh Alemdad,Contractor,Postponed,Saudi Arabia,Mohamed Ali
4820,Construction of the security facilities building at the fifth site in Riyadh,Msandh Alemdad,Contractor,Postponed,Saudi Arabia,Mohamed Ali
4821,Construction Village Housing Expansion,Shibh Al Jazira Contracting Company (SAJCO),Contractor,Lose,Saudi Arabia,Sherouk Ramdan
4822,Construction Village Housing Expansion,Shibh Al Jazira Contracting Company (SAJCO),Contractor,Lose,Saudi Arabia,Sherouk Ramdan
4823,Construction Village Housing Expansion,Shibh Al Jazira Contracting Company (SAJCO),Contractor,Lose,Saudi Arabia,Sherouk Ramdan
4824,Create a central garden,Rabiah Garden,Contractor,cold case,Saudi Arabia,Unassigned
4825,Create a central garden,Rabiah Garden,Contractor,cold case,Saudi Arabia,Unassigned
4826,Create a central garden,Rabiah Garden,Contractor,cold case,Saudi Arabia,Unassigned
4827,Create a central garden,Rabiah Garden,Contractor,cold case,Saudi Arabia,Unassigned
4828,DAMMAM CONTAINER DEPOT,SAMMAN CONSTRUCTION,Contractor,Lose,Saudi Arabia,Fathy Keshk
4829,DAMMAM CONTAINER DEPOT,SAMMAN CONSTRUCTION,Contractor,Lose,Saudi Arabia,Ghaidaa Saad
4830,DAMMAM CONTAINER DEPOT,SAMMAN CONSTRUCTION,Contractor,Sent,Saudi Arabia,Mohamed Ali
4831,DAMMAM CONTAINER DEPOT,SAMMAN CONSTRUCTION,Contractor,Lose,Saudi Arabia,Nada Mohamed
4832,Dana Bay I.C Hotel,Karma Emaar,-,Lose,Saudi Arabia,Ahmed Mosbah
4833,Dana Bay I.C Hotel,Salem Balhamer Contracting co. Ltd,-,Lose,Saudi Arabia,Ghaidaa Saad
4834,Dana Bay I.C Hotel,Salem Balhamer Contracting co. Ltd,-,Lose,Saudi Arabia,Mahmoud Hassan
4835,Dana Bay I.C Hotel,Karma Emaar,-,Lose,Saudi Arabia,Nourhan Mohamed
4836,Dana Bay I.C Hotel,Karma Emaar,-,Lose,Saudi Arabia,Sherouk Ramdan
4837,Dana Bay I.C Hotel,Salem Balhamer Contracting co. Ltd,-,Lose,Saudi Arabia,Sherouk Ramdan
4838,Dar Al Tawhid Intercontinental Hotel,CPC,-,cold case,Saudi Arabia,Unassigned
4839,Dar Al Tawhid Intercontinental Hotel,CPC Holding Co,-,Sent,Saudi Arabia,Sherouk Ramdan
4840,Dar Al Tawhid Intercontinental Hotel,CPC Holding Co,-,Sent,Saudi Arabia,Sherouk Ramdan
4841,Dar Al Tawhid Intercontinental Hotel,CPC Holding Co,-,Sent,Saudi Arabia,Sherouk Ramdan
4842,DAVES HOT CHICKEN,Magdi AlNimr,-,Sent,Saudi Arabia,Ahmed Mosbah
4843,DAVES HOT CHICKEN,Magdi AlNimr,-,Sent,Saudi Arabia,Ghaidaa Saad
4844,DAVES HOT CHICKEN,Magdi AlNimr,-,Sent,Saudi Arabia,Nada Mohamed
4845,DAVES HOT CHICKEN,Magdi AlNimr,-,Sent,Saudi Arabia,Sherouk Ramdan
4846,DCB Project (Jeddah Airport),Projects Destinations Construction Co. - Wejhat,Contractor,Postponed,Saudi Arabia,Unassigned
4847,DCB Project (Jeddah Airport),Projects Destinations Construction Co. - Wejhat,Contractor,Postponed,Saudi Arabia,Unassigned
4848,DCB Project (Jeddah Airport),Projects Destinations Construction Co. - Wejhat,Contractor,Postponed,Saudi Arabia,Unassigned
4849,DCB Project (Jeddah Airport),Projects Destinations Construction Co. - Wejhat,Contractor,Postponed,Saudi Arabia,Unassigned
4850,Delta B,SAMA Construction,-,Postponed,Saudi Arabia,Unassigned
4851,Delta B,SAMA Construction,-,Sent,Saudi Arabia,Mohamed Ali
4852,Delta B,SAMA Construction,-,Postponed,Saudi Arabia,Mohamed Ali
4853,Delta B,SAMA Construction,-,Sent,Saudi Arabia,Mohamed Ali
4854,Design & Build of NEOM Coastal Guard Residential Village,Western Bainoona,-,Lose,Saudi Arabia,Unassigned
4855,Design & Build of NEOM Coastal Guard Residential Village,Western Bainoona,-,Sent,Saudi Arabia,Mohamed Ali
4856,Design & Build of NEOM Coastal Guard Residential Village,Western Bainoona,-,Sent,Saudi Arabia,Mohamed Ali
4857,Details HQ,ORAK,-,Sent,Saudi Arabia,Unassigned
4858,Details Tower,Wejhat Alarabia,-,Postponed,Saudi Arabia,Mohamed Ali
4859,Development project for the tuberculosis department of Al Madaya Health Center,EMC,Contractor,Lose,Saudi Arabia,Ahmed Mosbah
4860,Development project for the tuberculosis department of Al Madaya Health Center,EMC,Contractor,Sent,Saudi Arabia,Mohamed Ali
4861,Development project for the tuberculosis department of Al Madaya Health Center,EMC,Contractor,Sent,Saudi Arabia,Nada Mohamed
4862,Development project for the tuberculosis department of Al Madaya Health Center,EMC,Contractor,Sent,Saudi Arabia,Nourhan Mohamed
4863,DGII - Boulevard West District Southwest Area Arena Laminates,CPC Holding Co,-,cold case,Saudi Arabia,Unassigned
4864,DGII - Boulevard West District Southwest Area Arena Laminates,CPC Holding Co,-,cold case,Saudi Arabia,Unassigned
4865,DGII - Boulevard West District Southwest Area Arena Laminates,CPC Holding Co,-,cold case,Saudi Arabia,Unassigned
4866,DGII - Boulevard West District Southwest Area Arena Laminates,CPC Holding Co,-,cold case,Saudi Arabia,Unassigned
4867,Dhahrat Laban,???? ???? ??????? | RUMAAR,-,Lose,Saudi Arabia,Unassigned
4868,Diaar 25,Diaar,Owner,Sent,Saudi Arabia,Unassigned
4869,Diaar 25,Diaar,Owner,Sent,Saudi Arabia,Unassigned
4870,Diaar 25,Diaar,Owner,Sent,Saudi Arabia,Unassigned
4871,Dialysis center,AL MABANI AL UMUMIYYAH,Contractor,cold case,Saudi Arabia,Unassigned
4872,Dialysis center,AL MABANI AL UMUMIYYAH,Contractor,cold case,Saudi Arabia,Unassigned
4873,DIRAB ROAD PROJECT,Projects Destinations Construction Co. - Wejhat,Contractor,cold case,Saudi Arabia,Sherouk Ramdan
4874,DIRAB ROAD PROJECT,Projects Destinations Construction Co. - Wejhat,Contractor,cold case,Saudi Arabia,Sherouk Ramdan
4875,DIRAB ROAD PROJECT,Projects Destinations Construction Co. - Wejhat,Contractor,cold case,Saudi Arabia,Sherouk Ramdan
4876,DIRAB ROAD PROJECT,Projects Destinations Construction Co. - Wejhat,Contractor,Under Study,Saudi Arabia,Faiza Ahmed
4877,District Cooling Plant,Samah Contracting Company,-,cold case,Saudi Arabia,Unassigned
4878,Diyar Al-Saad Mosque,Lubna GCC,Contractor,Lose,Saudi Arabia,Unassigned
4879,Diyar Al-Saad Mosque,Lubna GCC,Contractor,cold case,Saudi Arabia,Unassigned
4880,Earth Hotel Project,Construction & Planning Co. Ltd. (C&P®),Contractor,Sent,Saudi Arabia,Fatma Hesham
4881,Earth Hotel Project,Construction & Planning Co. Ltd. (C&P®),Contractor,Sent,Saudi Arabia,Fatma Hesham
4882,Earth Hotel Project,Construction & Planning Co. Ltd. (C&P®),Contractor,Sent,Saudi Arabia,Fatma Hesham
4883,Earth Hotel Project,Construction & Planning Co. Ltd. (C&P®),Contractor,Under Study,Saudi Arabia,Unassigned
4884,Earth Living,CPC Holding Co,-,cold case,Saudi Arabia,Unassigned
4885,Earth Living,CPC Holding Co,-,Sent,Saudi Arabia,Nourhan Mohamed
4886,Earth Living,CPC Holding Co,-,Sent,Saudi Arabia,Nourhan Mohamed
4887,Earth Living,CPC Holding Co,-,Sent,Saudi Arabia,Nourhan Mohamed
4888,Egyptian Embassy Defense Office - Riyadh,Thabat Construction,Contractor,Lose,Saudi Arabia,Faiza Ahmed
4889,Egyptian Embassy Defense Office - Riyadh,Thabat Construction,Contractor,Lose,Saudi Arabia,Nourhan Mohamed
4890,Egyptian Embassy Defense Office - Riyadh,Thabat Construction,Contractor,Lose,Saudi Arabia,Nourhan Mohamed
4891,Egyptian Embassy Defense Office - Riyadh,Thabat Construction,Contractor,Lose,Saudi Arabia,Nourhan Mohamed
4892,El Muruj,ACACIA Real Estate,Contractor,cold case,Saudi Arabia,Unassigned
4893,Elchefaa,Binjarallah Group,-,Lose,Saudi Arabia,Sherouk Ramdan
4894,Elchefaa 2,Binjarallah Group,-,cold case,Saudi Arabia,Unassigned
4895,Elchefaa 2,Binjarallah Group,-,cold case,Saudi Arabia,Unassigned
4896,Elchefaa 2,Binjarallah Group,-,cold case,Saudi Arabia,Unassigned
4897,Elchefaa 2,Binjarallah Group,-,cold case,Saudi Arabia,Unassigned
4898,Engineering Department Building,Msandh Alemdad,Contractor,Sent,Saudi Arabia,Ahmed Mosbah
4899,Engineering Department Building,Msandh Alemdad,Contractor,Sent,Saudi Arabia,Mahmoud Hassan
4900,Engineering Department Building,Msandh Alemdad,Contractor,Sent,Saudi Arabia,Nada Mohamed
4901,Engineering Department Building,Msandh Alemdad,Contractor,Sent,Saudi Arabia,Sherouk Ramdan
4902,ESCAN INTERNATIONAL OFFICES,ESCAN INTERNATIONAL,Contractor,Sent,Saudi Arabia,Fatma Hesham
4903,ESCAN INTERNATIONAL OFFICES,ESCAN INTERNATIONAL,Contractor,Sent,Saudi Arabia,Fatma Hesham
4904,ESCAN INTERNATIONAL OFFICES,ESCAN INTERNATIONAL,Contractor,Sent,Saudi Arabia,Fatma Hesham
4905,ESCAN INTERNATIONAL OFFICES,ESCAN INTERNATIONAL,Contractor,Sent,Saudi Arabia,Faiza Ahmed
4906,ESNAD HQ PROJECT,Construction & Planning Co. Ltd. (C&P®),Contractor,Lose,Saudi Arabia,Ahmed Mosbah
4907,ESNAD HQ PROJECT,Construction & Planning Co. Ltd. (C&P®),Contractor,Lose,Saudi Arabia,Sherouk Ramdan
4908,ESNAD HQ PROJECT,Construction & Planning Co. Ltd. (C&P®),Contractor,Lose,Saudi Arabia,Sherouk Ramdan
4909,ESNAD HQ PROJECT,Construction & Planning Co. Ltd. (C&P®),Contractor,Lose,Saudi Arabia,Sherouk Ramdan
4910,Esri Project,Esri Project,Contractor,Sent,Saudi Arabia,Fatma Hesham
4911,Esri Project,Esri Project,Contractor,Sent,Saudi Arabia,Fatma Hesham
4912,Esri Project,Esri Project,Contractor,Under Study,Saudi Arabia,Unassigned
4913,establish sewage networks,Sawaed contruction,-,cold case,Saudi Arabia,Unassigned
4914,Establishing schools in Jalmuda district - Part 6,SATCO,Contractor,cold case,Saudi Arabia,Ahmed Farawilo
4915,Establishing schools in Jalmuda district - Part 6,SATCO,Contractor,cold case,Saudi Arabia,Ahmed Farawilo
4916,Establishing schools in Jalmuda district - Part 6,SATCO,Contractor,cold case,Saudi Arabia,Ahmed Farawilo
4917,Establishing trade showrooms,Benaa Al Jazebiya Trading Contracting Company,Contractor,cold case,Saudi Arabia,Unassigned
4918,Establishing trade showrooms,Benaa Al Jazebiya Trading Contracting Company,Contractor,cold case,Saudi Arabia,Fatma Hesham
4919,Establishing trade showrooms,Benaa Al Jazebiya Trading Contracting Company,Contractor,cold case,Saudi Arabia,Fatma Hesham
4920,Establishing trade showrooms,Benaa Al Jazebiya Trading Contracting Company,Contractor,cold case,Saudi Arabia,Fatma Hesham
4921,EXPO 2030 (Lot 2 & Lot 3),UNIMAC - United Maintenance and Contracting Company,-,cold case,Saudi Arabia,Unassigned
4922,EXPO 2030 (Lot 2 & Lot 3),UNIMAC - United Maintenance and Contracting Company,-,cold case,Saudi Arabia,Unassigned
4923,EXPO 2030 (Lot 2 & Lot 3),UNIMAC - United Maintenance and Contracting Company,-,cold case,Saudi Arabia,Unassigned
4924,EXPO 2030 (Lot 2 & Lot 3),UNIMAC - United Maintenance and Contracting Company,-,cold case,Saudi Arabia,Unassigned
4925,EZ Bank,Asass Construction,-,Postponed,Saudi Arabia,Unassigned
4926,EZ Bank,Asass Construction,-,Sent,Saudi Arabia,Unassigned
4927,EZ Bank,Asass Construction,-,Sent,Saudi Arabia,Unassigned
4928,EZ Bank,Asass Construction,-,cold case,Saudi Arabia,Unassigned
4929,Ezdihar Park,Horizons contracting,Contractor,Sent,Saudi Arabia,Nourhan Mohamed
4930,Ezdihar Park,Horizons contracting,Contractor,Sent,Saudi Arabia,Nourhan Mohamed
4931,Facility Management Oeration Center,NewFab,-,Postponed,Saudi Arabia,Unassigned
4932,Facility Management Oeration Center,NewFab,-,cold case,Saudi Arabia,Unassigned
4933,Financial District Project in the Administrative Capital,Bahaa for Construction,Contractor,cold case,Saudi Arabia,Unassigned
4934,Financial District Project in the Administrative Capital,Bahaa for Construction,Contractor,cold case,Saudi Arabia,Fatma Hesham
4935,Financial District Project in the Administrative Capital,Bahaa for Construction,Contractor,cold case,Saudi Arabia,Fatma Hesham
4936,Financial District Project in the Administrative Capital,Bahaa for Construction,Contractor,cold case,Saudi Arabia,Fatma Hesham
4937,FIT OUT TO SPARIMAM MOHAMED BIN SAUDI ISLAMIC UNIVERSITY STORE - KSA,Al Sadhan Group,-,Lose,Saudi Arabia,Faiza Ahmed
4938,FIT OUT TO SPARIMAM MOHAMED BIN SAUDI ISLAMIC UNIVERSITY STORE - KSA,Al Sadhan Group,-,Lose,Saudi Arabia,Mohamed Ali
4939,FIT OUT TO SPARIMAM MOHAMED BIN SAUDI ISLAMIC UNIVERSITY STORE - KSA,Al Sadhan Group,-,Lose,Saudi Arabia,Mohamed Ali
4940,FIT OUT TO SPARIMAM MOHAMED BIN SAUDI ISLAMIC UNIVERSITY STORE - KSA,Al Sadhan Group,-,Lose,Saudi Arabia,Mohamed Ali
4941,Flagieo,Aswaq Holding company AHC,-,Lose,Saudi Arabia,Mohamed Ali
4942,Flagieo,Aswaq Holding company AHC,-,Lose,Saudi Arabia,Mohamed Ali
4943,Flagieo,Aswaq Holding company AHC,-,Lose,Saudi Arabia,Mohamed Ali
4944,Flagieo,Aswaq Holding company AHC,-,Lose,Saudi Arabia,Unassigned
4945,Hassan Allam Holding,Hassan Allam Holding,-,Lose,Saudi Arabia,Fathy Keshk
4946,HAYZ Apartments,MASAH Specialized Construction Co.,-,cold case,Saudi Arabia,Unassigned
4947,Helipads at Khubash Hospitals,Awj International Contracting Co,-,cold case,Saudi Arabia,Unassigned
4948,Helipads at Khubash Hospitals,Awj International Contracting Co,-,cold case,Saudi Arabia,Unassigned
4949,Helipads at Khubash Hospitals,Awj International Contracting Co,-,cold case,Saudi Arabia,Unassigned
4950,Helipads at Khubash Hospitals,Awj International Contracting Co,-,cold case,Saudi Arabia,Unassigned
4951,Her Highness Princess Al Anoud.,Construct,Contractor,Lose,Saudi Arabia,Faiza Ahmed
4952,Her Highness Princess Al Anoud.,Construct,Contractor,Lose,Saudi Arabia,Sherouk Ramdan
4953,Her Highness Princess Al Anoud.,Construct,Contractor,Lose,Saudi Arabia,Sherouk Ramdan
4954,Hotel residential project,Riyadh Villas Contracting Company,Contractor,Sent,Saudi Arabia,Fatma Hesham
4955,Hotel residential project,Riyadh Villas Contracting Company,Contractor,Sent,Saudi Arabia,Fatma Hesham
4956,Hotel residential project,Riyadh Villas Contracting Company,Contractor,Sent,Saudi Arabia,Fatma Hesham
4957,Hotel residential project,Riyadh Villas Contracting Company,Contractor,cold case,Saudi Arabia,Unassigned
4958,Housing project in Medina,Future Concept Co,-,Lose,Saudi Arabia,Unassigned
4959,HRH Prince Mansour Family Residential Compound,BAUMAT,-,Under Study,Saudi Arabia,Unassigned
4960,HRH Prince Mansour Family Residential Compound,BAUMAT,-,Under Study,Saudi Arabia,Unassigned
4961,HRH Prince Mansour Family Residential Compound,BAUMAT,-,Under Study,Saudi Arabia,Unassigned
4962,HRH Prince Mansour Family Residential Compound,BAUMAT,-,cold case,Saudi Arabia,Unassigned
4963,IFFCO Factory,Bashaer Al-Benaa,Contractor,Lose,Saudi Arabia,Fathy Keshk
4964,IFFCO Factory,Bashaer Al-Benaa,Contractor,Lose,Saudi Arabia,Ghaidaa Saad
4965,IFFCO Factory,Bashaer Al-Benaa,Contractor,Lose,Saudi Arabia,Mahmoud Hassan
4966,IFFCO Factory,Bashaer Al-Benaa,Contractor,Sent,Saudi Arabia,Sherouk Ramdan
4967,Imam Muhammad ibn Saud University Stadium,Profast,Contractor,Sent,Saudi Arabia,Sherouk Ramdan
4968,Imam Muhammad ibn Saud University Stadium,Profast,Contractor,Sent,Saudi Arabia,Sherouk Ramdan
4969,IMCPA Project,Vision Construction Company Ltd,-,cold case,Saudi Arabia,Unassigned
4970,IMCPA Project,Vision Construction Company Ltd,-,Sent,Saudi Arabia,Mohamed Ali
4971,IMCPA Project,Vision Construction Company Ltd,-,Sent,Saudi Arabia,Mohamed Ali
4972,IMCPA Project,Vision Construction Company Ltd,-,Sent,Saudi Arabia,Mohamed Ali
4973,INF Implementation of Sewage Line and Network in Al Mahd Governorate,Saudi Elaf Company,-,cold case,Saudi Arabia,Unassigned
4974,INF Implementation of Sewage Line and Network in Al Mahd Governorate,Saudi Elaf Company,-,cold case,Saudi Arabia,Sherouk Ramdan
4975,INFECTION CONTROL CENTER,Arabian Furniture and Design,-,cold case,Saudi Arabia,Unassigned
4976,INFECTION CONTROL CENTER,Arabian Furniture and Design,-,cold case,Saudi Arabia,Unassigned
4977,INFECTION CONTROL CENTER,Arabian Furniture and Design,-,cold case,Saudi Arabia,Unassigned
4978,INFECTION CONTROL CENTER,Arabian Furniture and Design,-,cold case,Saudi Arabia,Unassigned
4979,"Infrastructure Work at BANAN City Project,",Thabat Construction,Contractor,Lose,Saudi Arabia,Mohamed Ali
4980,Irrigation tank,Binjarallah Group,-,Lose,Saudi Arabia,Sherouk Ramdan
4981,Irrigation tank,Binjarallah Group,-,Lose,Saudi Arabia,Sherouk Ramdan
4982,ISLAMIC WORLD DISTRICT PHASE 1- CLUSTER 2,Tadmur Arabia Company LLC,-,cold case,Saudi Arabia,Unassigned
4983,ISLAMIC WORLD DISTRICT PHASE 1- CLUSTER 2,Tadmur Arabia Company LLC,-,cold case,Saudi Arabia,Unassigned
4984,ISLAMIC WORLD DISTRICT PHASE 1- CLUSTER 2,Tadmur Arabia Company LLC,-,cold case,Saudi Arabia,Unassigned
4985,ISLAMIC WORLD DISTRICT PHASE 1- CLUSTER 2,Tadmur Arabia Company LLC,-,cold case,Saudi Arabia,Unassigned
4986,Jadaya Khuzam,Pan kingdom,-,cold case,Saudi Arabia,Unassigned
4987,Jadaya Khuzam,Pan kingdom,-,cold case,Saudi Arabia,Unassigned
4988,Jadaya Khuzam,Pan kingdom,-,cold case,Saudi Arabia,Unassigned
4989,Jadaya Khuzam,Pan kingdom,-,cold case,Saudi Arabia,Unassigned
4990,Jaddeh HQ,Q Development,Contractor,Lose,Saudi Arabia,Faiza Ahmed
4991,Jaddeh HQ,Q Development,Contractor,Lose,Saudi Arabia,Nourhan Mohamed
4992,Jaddeh HQ,Q Development,Contractor,Lose,Saudi Arabia,Nourhan Mohamed
4993,Jeddah HQ,Q Development,Contractor,Lose,Saudi Arabia,Nourhan Mohamed
4994,Jeddah Tahlia Gate Towers,Arail Construction & Industrial Co. Ltd.,-,Lose,Saudi Arabia,Fathy Keshk
4995,Jeddah Tahlia Gate Towers,Arail Construction & Industrial Co. Ltd.,-,Lose,Saudi Arabia,Mohamed Ali
4996,Jeddah Tahlia Gate Towers,Arail Construction & Industrial Co. Ltd.,-,Lose,Saudi Arabia,Mohamed Ali
4997,Jeddah Tahlia Gate Towers,Arail Construction & Industrial Co. Ltd.,-,Lose,Saudi Arabia,Mohamed Ali
4998,Jizan Air Factory,Al-Rajhi Building and Construction,-,cold case,Saudi Arabia,Unassigned
4999,Jubail,PowerChina,-,cold case,Saudi Arabia,Mohamed Ali
5000,KAEC,Creet International Contracting Co. Ltd,-,Sent,Saudi Arabia,Nourhan Mohamed
5001,KAFD,SBCM,Contractor,cold case,Saudi Arabia,Unassigned
5002,KAFD,SBCM,Contractor,cold case,Saudi Arabia,Unassigned
5003,KAFD,SBCM,Contractor,cold case,Saudi Arabia,Unassigned
5004,KAFD,SBCM,Contractor,cold case,Saudi Arabia,Unassigned
5005,KAFD,SBCM,Contractor,cold case,Saudi Arabia,Unassigned
5006,"KAFD - A07 Offices, Park, Monorail Station and Car Parking Project",AL SAAD GENERAL CONTRACTING,Contractor,cold case,Saudi Arabia,Unassigned
5007,"KAFD - A07 Offices, Park, Monorail Station and Car Parking Project",AL SAAD GENERAL CONTRACTING,Contractor,cold case,Saudi Arabia,Unassigned
5008,"KAFD - A07 Offices, Park, Monorail Station and Car Parking Project",AL SAAD GENERAL CONTRACTING,Contractor,cold case,Saudi Arabia,Unassigned
5009,"KAFD - A07 Offices, Park, Monorail Station and Car Parking Project",AL SAAD GENERAL CONTRACTING,Contractor,Under Study,Saudi Arabia,Unassigned
5010,KFICRS Museum,Riyadh Villas Contracting Company,Contractor,Sent,Saudi Arabia,Faiza Ahmed
5011,KFICRS Museum,Riyadh Villas Contracting Company,Contractor,Sent,Saudi Arabia,Sherouk Ramdan
5012,KFICRS Museum,Riyadh Villas Contracting Company,Contractor,Sent,Saudi Arabia,Sherouk Ramdan
5013,Khobar Downtown,Abdulmohsen Al-Tamimi Group,Contractor,Postponed,Saudi Arabia,Unassigned
5014,Khobar Downtown,Abdulmohsen Al-Tamimi Group,Contractor,Postponed,Saudi Arabia,Unassigned
5015,Khuzama,Khuzama,-,Postponed,Saudi Arabia,Unassigned
5016,Khuzama,Khuzama,-,Postponed,Saudi Arabia,Unassigned
5017,Khuzama,Khuzama,-,Sent,Saudi Arabia,Unassigned
5018,Khuzama,Khuzama,-,cold case,Saudi Arabia,Unassigned
5019,King Abdul Aziz Road Project 2,China State Construction,Contractor,Under Study,Saudi Arabia,Unassigned
5020,King Abdul Aziz Road Project 2,China State Construction,Contractor,Under Study,Saudi Arabia,Unassigned
5021,King Abdul Aziz Road Project 2,China State Construction,Contractor,Under Study,Saudi Arabia,Unassigned
5022,King Abdul Aziz Road Project 2,China State Construction,Contractor,Under Study,Saudi Arabia,Unassigned
5023,King Abdulaziz Road Project,China State Construction,Contractor,Sent,Saudi Arabia,Mohamed Ali
5024,King Abdullah Financial District,SBCM,Contractor,Sent,Saudi Arabia,Faiza Ahmed
5025,King Abdullah Financial District,SBCM,Contractor,Sent,Saudi Arabia,Mohamed Ali
5026,King Abdullah Financial District,SBCM,Contractor,Sent,Saudi Arabia,Mohamed Ali
5027,King Abdullah Financial District,SBCM,Contractor,Sent,Saudi Arabia,Mohamed Ali
5028,King Fahad Tower,King Fahad Tower,-,Sent,Saudi Arabia,Mohamed Ali
5029,King Khalid University Mosque Project,Osus,-,Lose,Saudi Arabia,Unassigned
5030,King Salman Park,Nesma Partners,Contractor,cold case,Saudi Arabia,Unassigned
5031,King Salman Park,Nesma Partners,Contractor,Lose,Saudi Arabia,Faiza Ahmed
5032,King Salman Park,Nesma Partners,Contractor,Lose,Saudi Arabia,Faiza Ahmed
5033,King Salman Park,SAMAMA HOLDING,Contractor,Lose,Saudi Arabia,Mohamed Ali
5034,King Salman Park,SAMAMA HOLDING,Contractor,Lose,Saudi Arabia,Mohamed Ali
5035,King Salman Park,SAMAMA HOLDING,Contractor,Lose,Saudi Arabia,Mohamed Ali
5036,King Salman University in Diriyah,Trispec Design & build,Contractor,Sent,Saudi Arabia,Nourhan Mohamed
5037,King Salman University in Diriyah,Trispec Design & build,Contractor,Sent,Saudi Arabia,Nourhan Mohamed
5038,King Salman University in Diriyah,Trispec Design & build,Contractor,Sent,Saudi Arabia,Nourhan Mohamed
5039,King Salman University in Diriyah,Meras International,Contractor,Sent,Saudi Arabia,Nourhan Mohamed
5040,King Salman University in Diriyah,Meras International,Contractor,Sent,Saudi Arabia,Nourhan Mohamed
5041,King Salman University in Diriyah,Meras International,Contractor,Sent,Saudi Arabia,Nourhan Mohamed
5042,King Salman University in Diriyah,Meras International,Contractor,Under Study,Saudi Arabia,Faiza Ahmed
5043,LABORATORY BUILDING GIRLS CAMPUS - JEDDAH,Bait El Galeed,Contractor,cold case,Saudi Arabia,Nourhan Mohamed
5044,Lavie Yard Residential Project,Zood Real Estate,Owner,Sent,Saudi Arabia,Faiza Ahmed
5045,Lavie Yard Residential Project,Zood Real Estate,Owner,Sent,Saudi Arabia,Mohamed Ali
5046,Lavie Yard Residential Project,Zood Real Estate,Owner,Sent,Saudi Arabia,Mohamed Ali
5047,Lavie Yard Residential Project,Zood Real Estate,Owner,Sent,Saudi Arabia,Mohamed Ali
5048,Laysen Valley,Ramz Kayan,-,Under Study,Saudi Arabia,Unassigned
5049,Lemar,AICC,Contractor,Lose,Saudi Arabia,Ahmed Mosbah
5050,Lemar,AICC,Contractor,Lose,Saudi Arabia,Ghaidaa Saad
5051,Lemar,AICC,Contractor,Lose,Saudi Arabia,Mohamed Ali
5052,Lemar,AICC,Contractor,Lose,Saudi Arabia,Nourhan Mohamed
5053,LOCAL MOSQUE (LM1),SHAR,Contractor,Sent,Saudi Arabia,Ahmed Mosbah
5054,LOCAL MOSQUE (LM1),SHAR,Contractor,Sent,Saudi Arabia,Ghaidaa Saad
5055,LOCAL MOSQUE (LM1),SHAR,Contractor,Sent,Saudi Arabia,Mohamed Ali
5056,LOCAL MOSQUE (LM1),SHAR,Contractor,Sent,Saudi Arabia,Sherouk Ramdan
5057,MADAREK,MADAREK,Contractor,Sent,Saudi Arabia,Nourhan Mohamed
5058,MADAREK,MADAREK,Contractor,Sent,Saudi Arabia,Nourhan Mohamed
5059,MADAREK,MADAREK,Contractor,Done To Review,Saudi Arabia,Nourhan Mohamed
5060,Madina Hotel,AL MABANI AL UMUMIYYAH,Contractor,Sent,Saudi Arabia,Ghaidaa Saad
5061,Madina Hotel,AL MABANI AL UMUMIYYAH,Contractor,Sent,Saudi Arabia,Mahmoud Hassan
5062,Madina Hotel,AL MABANI AL UMUMIYYAH,Contractor,Sent,Saudi Arabia,Sherouk Ramdan
5063,Madina Hotel,Riyadh Villas Contracting Company,Contractor,Sent,Saudi Arabia,Unassigned
5064,Madina Hotel,Riyadh Villas Contracting Company,Contractor,Sent,Saudi Arabia,Unassigned
5065,Madina Hotel,Riyadh Villas Contracting Company,Contractor,Sent,Saudi Arabia,Unassigned
5066,Madina Hotel,Riyadh Villas Contracting Company,Contractor,cold case,Saudi Arabia,Unassigned
5067,MAG Compound,OWN Real Estate,-,Sent,Saudi Arabia,Sherouk Ramdan
5068,MAG Compound,OWN Real Estate,-,Sent,Saudi Arabia,Sherouk Ramdan
5069,MAG Compound,OWN Real Estate,-,Sent,Saudi Arabia,Sherouk Ramdan
5070,MAG Compound,OWN Real Estate,-,Sent,Saudi Arabia,Faiza Ahmed
5071,MALQA PROJECT (Riyadh),Hashem Contracting,-,Postponed,Saudi Arabia,Unassigned
5072,MALQA PROJECT (Riyadh),Hashem Contracting,-,Postponed,Saudi Arabia,Unassigned
5073,Manager Villa,MARCO,-,Postponed,Saudi Arabia,Unassigned
5074,Manager Villa,MARCO,-,Postponed,Saudi Arabia,Unassigned
5075,Manager Villa,MARCO,-,Postponed,Saudi Arabia,Unassigned
5076,Manager Villa,MARCO,-,Under Study,Saudi Arabia,Unassigned
5077,MARAMI Factory,Bait El Galeed,-,Sent,Saudi Arabia,Fatma Hesham
5078,MASAR,Trispec Design & build,-,Sent,Saudi Arabia,Mohamed Ali
5079,MASAR,Trispec Design & build,-,Sent,Saudi Arabia,Mohamed Ali
5080,MASAR,Trispec Design & build,-,Sent,Saudi Arabia,Mohamed Ali
5081,MASAR,Trispec Design & build,-,Postponed,Saudi Arabia,Radwa Ahmed
5082,MASAR 1,REKAN,-,cold case,Saudi Arabia,Unassigned
5083,MASAR 1,REKAN,-,cold case,Saudi Arabia,Unassigned
5084,MASAR 1,REKAN,-,cold case,Saudi Arabia,Unassigned
5085,MASAR 1,REKAN,-,Under Study,Saudi Arabia,Unassigned
5086,MASAR 2,REKAN,-,cold case,Saudi Arabia,Unassigned
5087,MASAR 2,REKAN,-,cold case,Saudi Arabia,Unassigned
5088,MASAR 2,REKAN,-,Under Study,Saudi Arabia,Unassigned
5089,Masar Bus Station Project,Levels Contracting,-,cold case,Saudi Arabia,Unassigned
5090,Masar Bus Station Project,Levels Contracting,-,cold case,Saudi Arabia,Unassigned
5091,MASAR Mall,Hamat Holding Company,-,cold case,Saudi Arabia,Unassigned
5092,MBC STUDIO PROJECT,Riyadh Villas Contracting Company,Contractor,Sent,Saudi Arabia,Unassigned
5093,MBC STUDIO PROJECT,Riyadh Villas Contracting Company,Contractor,Sent,Saudi Arabia,Unassigned
5094,MBC STUDIO PROJECT,Riyadh Villas Contracting Company,Contractor,cold case,Saudi Arabia,Unassigned
5095,Mecca BRT,Western Bainoona,-,Sent,Saudi Arabia,Unassigned
5096,Mecca BRT,Western Bainoona,-,Sent,Saudi Arabia,Unassigned
5097,Mecca BRT,Western Bainoona,-,Sent,Saudi Arabia,Unassigned
5098,Mecca BRT,Western Bainoona,-,Postponed,Saudi Arabia,Faiza Ahmed
5099,MEENA CLINIC-2,Hashem Contracting,-,Lose,Saudi Arabia,Mahmoud Hassan
5100,MEP BUILDINGS FOR NEW JIZAN INTERNATIONAL AIRPORT,Safari,-,Lose,Saudi Arabia,Faiza Ahmed
5101,MEP BUILDINGS FOR NEW JIZAN INTERNATIONAL AIRPORT,Safari,-,cold case,Saudi Arabia,Mohamed Ali
5102,MEP BUILDINGS FOR NEW JIZAN INTERNATIONAL AIRPORT,Safari,-,cold case,Saudi Arabia,Mohamed Ali
5103,MEP BUILDINGS FOR NEW JIZAN INTERNATIONAL AIRPORT,Safari,-,cold case,Saudi Arabia,Mohamed Ali
5104,Mercia,BSCC,-,Sent,Saudi Arabia,Sherouk Ramdan
5105,Mercia,BSCC,-,Sent,Saudi Arabia,Unassigned
5106,Mercia,BSCC,-,Sent,Saudi Arabia,Sherouk Ramdan
5107,Mercia,BSCC,-,Sent,Saudi Arabia,Sherouk Ramdan
5108,Miqat General Hospital,Thabat Construction,Contractor,Lose,Saudi Arabia,Sherouk Ramdan
5109,Mirror,Awj International Contracting Co,-,Lose,Saudi Arabia,Unassigned
5110,Mirror,Awj International Contracting Co,-,Lose,Saudi Arabia,Unassigned
5111,Mirror,Awj International Contracting Co,-,cold case,Saudi Arabia,Faiza Ahmed
5112,MISK MOBILITY HUB - PARKING BUILDING,ProService International Contracting,-,cold case,Saudi Arabia,Unassigned
5113,MISK MOBILITY HUB - PARKING BUILDING,ProService International Contracting,-,cold case,Saudi Arabia,Unassigned
5114,MISK MOBILITY HUB - PARKING BUILDING,ProService International Contracting,-,cold case,Saudi Arabia,Unassigned
5115,MISK MOBILITY HUB - PARKING BUILDING,ProService International Contracting,-,cold case,Saudi Arabia,Unassigned
5116,Mockup Banan AlRiyadh,Thabat Construction,Contractor,Lose,Saudi Arabia,Faiza Ahmed
5117,Mock-Up MUR Al Diriyah,Levels Contracting,-,Lose,Saudi Arabia,Fathy Keshk
5118,Mock-Up MUR Al Diriyah,Levels Contracting,-,Lose,Saudi Arabia,Ghaidaa Saad
5119,Mock-Up MUR Al Diriyah,Levels Contracting,-,Lose,Saudi Arabia,Ghaidaa Saad
5120,Mock-Up MUR Al Diriyah,Levels Contracting,-,Lose,Saudi Arabia,Ghaidaa Saad
5121,Modular Villa Mockup,CPC Holding Co,-,Sent,Saudi Arabia,Unassigned
5122,Modular Villa Mockup,CPC Holding Co,-,Sent,Saudi Arabia,Unassigned
5123,Modular Villa Mockup,CPC Holding Co,-,cold case,Saudi Arabia,Unassigned
5124,MONTAGE HOTEL & BRANDED RESIDENCES,CPC Holding Co,-,cold case,Saudi Arabia,Unassigned
5125,MONTAGE HOTEL & BRANDED RESIDENCES,CPC Holding Co,-,cold case,Saudi Arabia,Unassigned
5126,MONTAGE HOTEL & BRANDED RESIDENCES,CPC Holding Co,-,cold case,Saudi Arabia,Unassigned
5127,MONTAGE HOTEL & BRANDED RESIDENCES,CPC Holding Co,-,cold case,Saudi Arabia,Unassigned
5128,Mountain View,Fanar Arabian International Co,-,Under Study,Saudi Arabia,Unassigned
5129,Mountain View,Fanar Arabian International Co,-,Under Study,Saudi Arabia,Unassigned
5130,Mountain View,Fanar Arabian International Co,-,Under Study,Saudi Arabia,Unassigned
5131,Mountain View,Fanar Arabian International Co,-,Under Study,Saudi Arabia,Unassigned
5132,MRO,Mehwar,-,Sent,Saudi Arabia,Ahmed Farawilo
5133,MRO,Mehwar,-,Sent,Saudi Arabia,Ahmed Farawilo
5134,MRO,Mehwar,-,Sent,Saudi Arabia,Ahmed Farawilo
5135,MRO,Mehwar,-,Sent,Saudi Arabia,Faiza Ahmed
5136,Murcia Project,Bani Company,-,Sent,Saudi Arabia,Unassigned
5137,Murcia Project P.125 Infrastructure Works,ACACIA Real Estate,Contractor,Sent,Saudi Arabia,Mohamed Ali
5138,Murcia Project P.125 Infrastructure Works,ACACIA Real Estate,Contractor,Sent,Saudi Arabia,Mohamed Ali
5139,Murcia Project P.125 Infrastructure Works,ACACIA Real Estate,Contractor,Sent,Saudi Arabia,Faiza Ahmed
5140,"Muvi - Al Noor Mall, Madinah",Horizons contracting,-,Sent,Saudi Arabia,Nourhan Mohamed
5141,"Muvi - Al Noor Mall, Madinah",Horizons contracting,-,Sent,Saudi Arabia,Nourhan Mohamed
5142,"Muvi - Al Noor Mall, Madinah",Horizons contracting,-,Sent,Saudi Arabia,Nourhan Mohamed
5143,"MUVI Cinema, U-Walk, Jeddah",Horizons contracting,-,Sent,Saudi Arabia,Nourhan Mohamed
5144,"MUVI Cinema, U-Walk, Jeddah",Horizons contracting,-,Sent,Saudi Arabia,Nourhan Mohamed
5145,"MUVI Cinema, U-Walk, Jeddah",Horizons contracting,-,Sent,Saudi Arabia,Nourhan Mohamed
5146,"MUVI Cinema, U-Walk, Jeddah",Horizons contracting,-,Sent,Saudi Arabia,Unassigned
5147,Muvi Cinemas project at Shorofat Mall,Horizons contracting,-,Sent,Saudi Arabia,Unassigned
5148,Muvi Cinemas project at Shorofat Mall,Horizons contracting,-,Sent,Saudi Arabia,Nourhan Mohamed
5149,Muvi Cinemas project at Shorofat Mall,Horizons contracting,-,Sent,Saudi Arabia,Nourhan Mohamed
5150,Muvi Cinemas project at Shorofat Mall,Horizons contracting,-,Sent,Saudi Arabia,Nourhan Mohamed
5151,NAGA and DHB – Headquarters,DHB,Owner,Lose,Saudi Arabia,Fatma Hesham
5152,NAGA and DHB – Headquarters,DHB,Owner,Lose,Saudi Arabia,Fatma Hesham
5153,NAGA and DHB – Headquarters,DHB,Owner,Lose,Saudi Arabia,Fatma Hesham
5154,NAGA and DHB – Headquarters,DHB,Owner,Lose,Saudi Arabia,Unassigned
5155,Namozageya Tower,ORAK,-,Sent,Saudi Arabia,Unassigned
5156,Namozagya Villas,ORAK,-,Sent,Saudi Arabia,Ali Ketkat
5157,National Water Company,National Water Company,-,Lose,Saudi Arabia,Sherouk Ramdan
5158,NEOM FIRST DESALINATION PLANT INSTALLATION & SUPLLY SCOPE,AlKholi Group,-,cold case,Saudi Arabia,Unassigned
5159,NEW MURABBA LINEAR PARK,NEW MURABBA DEVELOPMENT COMPANY,-,Sent,Saudi Arabia,Mohamed Ali
5160,NEW MURABBA LINEAR PARK,NEW MURABBA DEVELOPMENT COMPANY,-,Sent,Saudi Arabia,Mohamed Ali
5161,NEW MURABBA LINEAR PARK,NEW MURABBA DEVELOPMENT COMPANY,-,Under Study,Saudi Arabia,Unassigned
5162,North Gate Hospital,SEDER CONSTRUCTION COMPANY,-,cold case,Saudi Arabia,Nourhan Mohamed
5163,North Gate Hospital,SEDER CONSTRUCTION COMPANY,-,cold case,Saudi Arabia,Nourhan Mohamed
5164,Office building,AL-Yahya Group for Contracting,-,cold case,Saudi Arabia,Unassigned
5165,Osus,BSCC,-,Sent,Saudi Arabia,Sherouk Ramdan
5166,Osus,BSCC,-,Sent,Saudi Arabia,Sherouk Ramdan
5167,Osus,BSCC,-,Sent,Saudi Arabia,Sherouk Ramdan
5168,OSUS EYE RIYADH PROJECT,AL SAAD GENERAL CONTRACTING,Contractor,Sent,Saudi Arabia,Sherouk Ramdan
5169,OSUS EYE RIYADH PROJECT,AL SAAD GENERAL CONTRACTING,Contractor,cold case,Saudi Arabia,Sherouk Ramdan
5170,OSUS EYE RIYADH PROJECT,AL SAAD GENERAL CONTRACTING,Contractor,Sent,Saudi Arabia,Sherouk Ramdan
5171,OSUS EYE RIYADH PROJECT,SIAC,-,Sent,Saudi Arabia,Sherouk Ramdan
5172,OSUS EYE RIYADH PROJECT,Salem Balhamer Contracting co. Ltd,-,Sent,Saudi Arabia,Sherouk Ramdan
5173,Osus Tower,ACACIA Real Estate,Contractor,Sent,Saudi Arabia,Unassigned
5174,Osus Tower,ACACIA Real Estate,Contractor,Lose,Saudi Arabia,Sherouk Ramdan
5175,Osus Tower,ACACIA Real Estate,Contractor,Lose,Saudi Arabia,Sherouk Ramdan
5176,Osus Tower,ACACIA Real Estate,Contractor,Lose,Saudi Arabia,Sherouk Ramdan
5177,Othaim Mall,Riyadh Villas Contracting Company,Contractor,Sent,Saudi Arabia,Unassigned
5178,Othaim Mall,Riyadh Villas Contracting Company,Contractor,Sent,Saudi Arabia,Unassigned
5179,Othaim Mall,Riyadh Villas Contracting Company,Contractor,Sent,Saudi Arabia,Unassigned
5180,Othaim Mall,Riyadh Villas Contracting Company,Contractor,Sent,Saudi Arabia,Unassigned
5181,Outfield Spectator Experience,UNIMAC - United Maintenance and Contracting Company,-,cold case,Saudi Arabia,Unassigned
5182,Outfield Spectator Experience,UNIMAC - United Maintenance and Contracting Company,-,cold case,Saudi Arabia,Unassigned
5183,Outfield Spectator Experience,UNIMAC - United Maintenance and Contracting Company,-,cold case,Saudi Arabia,Unassigned
5184,Outfield Spectator Experience,UNIMAC - United Maintenance and Contracting Company,-,cold case,Saudi Arabia,Unassigned
5185,Oxagon Port Neom,El Seif Engineering Contracting,-,Sent,Saudi Arabia,Faiza Ahmed
5186,Oxagon project advanced health center,Alghanim International,Contractor,Lose,Saudi Arabia,Fathy Keshk
5187,Oxagon project advanced health center,Alghanim International,Contractor,Lose,Saudi Arabia,Ghaidaa Saad
5188,Oxagon project advanced health center,Alghanim International,Contractor,Lose,Saudi Arabia,Mahmoud Hassan
5189,Oxagon project advanced health center,Alghanim International,Contractor,Lose,Saudi Arabia,Sherouk Ramdan
5190,Oxagon project school 12,Alghanim International,Contractor,Sent,Saudi Arabia,Ghaidaa Saad
5191,Oxagon project school 12,Alghanim International,Contractor,Postponed,Saudi Arabia,Mahmoud Hassan
5192,Oxagon project school 12,Alghanim International,Contractor,Sent,Saudi Arabia,Sherouk Ramdan
5193,Oxagon project school 15,Alghanim International,Contractor,Lose,Saudi Arabia,Ahmed Mosbah
5194,OXAGON T1,Hassan Allam Holding,-,Lose,Saudi Arabia,Sherouk Ramdan
5195,OXAGON T1,Hassan Allam Holding,-,Lose,Saudi Arabia,Sherouk Ramdan
5196,OXAGON T1,Hassan Allam Holding,-,Lose,Saudi Arabia,Sherouk Ramdan
5197,P&C of Shared Services Facilities New RCJY project,Abdulmohsen Al-Tamimi Group,-,Under Study,Saudi Arabia,Unassigned
5198,P&C of Shared Services Facilities New RCJY project,Abdulmohsen Al-Tamimi Group,-,Under Study,Saudi Arabia,Unassigned
5199,P&C of Shared Services Facilities New RCJY project,Abdulmohsen Al-Tamimi Group,-,Under Study,Saudi Arabia,Unassigned
5200,Park avenue,???? ???????? ?????????,-,cold case,Saudi Arabia,Unassigned
5201,Park avenue,???? ???????? ?????????,-,cold case,Saudi Arabia,Unassigned
5202,Park avenue,???? ???????? ?????????,-,cold case,Saudi Arabia,Unassigned
5203,Park avenue,???? ???????? ?????????,-,cold case,Saudi Arabia,Unassigned
5204,Park Hyatt Hotel Diriyah Gate,SIAC,-,Sent,Saudi Arabia,Fathy Keshk
5205,Park Hyatt Hotel Diriyah Gate,AL SAAD GENERAL CONTRACTING,Contractor,Sent,Saudi Arabia,Fathy Keshk
5206,Park Hyatt Hotel Diriyah Gate,SIAC,-,Sent,Saudi Arabia,Ghaidaa Saad
5207,Park Hyatt Hotel Diriyah Gate,AL SAAD GENERAL CONTRACTING,Contractor,Sent,Saudi Arabia,Ghaidaa Saad
5208,Park Hyatt Hotel Diriyah Gate,SIAC,-,Sent,Saudi Arabia,Mohamed Ali
5209,Park Hyatt Hotel Diriyah Gate,AL SAAD GENERAL CONTRACTING,Contractor,Sent,Saudi Arabia,Mohamed Ali
5210,Park Hyatt Hotel Diriyah Gate,SIAC,-,Sent,Saudi Arabia,Nourhan Mohamed
5211,Park Hyatt Hotel Diriyah Gate,AL SAAD GENERAL CONTRACTING,Contractor,Sent,Saudi Arabia,Nourhan Mohamed
5212,Pharco,Arab Contractors,-,Postponed,Saudi Arabia,Fatma Hesham
5213,Pharco,Arab Contractors,-,cold case,Saudi Arabia,Faiza Ahmed
5214,Pharco,Arab Contractors,-,Sent,Saudi Arabia,Fatma Hesham
5215,Pharco,Arab Contractors,-,Postponed,Saudi Arabia,Fatma Hesham
5216,PRIMA FOOFD FACTORY,GLOBLE .GCC,-,cold case,Saudi Arabia,Sherouk Ramdan
5217,PRIMA FOOFD FACTORY,GLOBLE .GCC,-,cold case,Saudi Arabia,Sherouk Ramdan
5218,PRIMA FOOFD FACTORY,GLOBLE .GCC,-,cold case,Saudi Arabia,Sherouk Ramdan
5219,PRIME SQ. Project,BMCC,Contractor,cold case,Saudi Arabia,Unassigned
5220,PRIME SQ. Project,BMCC,Contractor,cold case,Saudi Arabia,Unassigned
5221,PRIME SQ. Project,BMCC,Contractor,Under Study,Saudi Arabia,Unassigned
5222,Prince Sultan Medical,Prince Sultan  Medical,-,Lose,Saudi Arabia,Ahmed Mosbah
5223,Prince Sultan Medical,Prince Sultan  Medical,-,Lose,Saudi Arabia,Ghaidaa Saad
5224,Prince Sultan Medical,Prince Sultan  Medical,-,Lose,Saudi Arabia,Nada Mohamed
5225,Prince Sultan Medical,Prince Sultan  Medical,-,Lose,Saudi Arabia,Sherouk Ramdan
5226,PRINCE SULTAN UNIVERSITY,Hashem Contracting,-,Sent,Saudi Arabia,Ghaidaa Saad
5227,PRINCE SULTAN UNIVERSITY,Hashem Contracting,-,Sent,Saudi Arabia,Nada Mohamed
5228,PRINCE SULTAN UNIVERSITY,Hashem Contracting,-,Sent,Saudi Arabia,Nada Mohamed
5229,Private Residential Villa,Elite construction ltd,-,cold case,Saudi Arabia,Unassigned
5230,Private Residential Villa,Elite construction ltd,-,cold case,Saudi Arabia,Unassigned
5231,Private Residential Villa,Elite construction ltd,-,cold case,Saudi Arabia,Unassigned
5232,Private Residential Villa,Elite construction ltd,-,cold case,Saudi Arabia,Unassigned
5233,Public buildings factory,AL MABANI AL UMUMIYYAH,Contractor,Sent,Saudi Arabia,Unassigned
5234,Public buildings factory,AL MABANI AL UMUMIYYAH,Contractor,Sent,Saudi Arabia,Ahmed Farawilo
5235,Public buildings factory,AL MABANI AL UMUMIYYAH,Contractor,Sent,Saudi Arabia,Ahmed Farawilo
5236,Public buildings factory,AL MABANI AL UMUMIYYAH,Contractor,Sent,Saudi Arabia,Ahmed Farawilo
5237,Qatif buildings,Bonyan Construction Company,-,Lose,Saudi Arabia,Faiza Ahmed
5238,Qatif buildings,Bonyan Construction Company,-,Lose,Saudi Arabia,Sherouk Ramdan
5239,Qatif buildings,Bonyan Construction Company,-,Lose,Saudi Arabia,Sherouk Ramdan
5240,Qatif buildings,Bonyan Construction Company,-,Lose,Saudi Arabia,Sherouk Ramdan
5241,Qatif stations,Maramer Contracting Co.,-,cold case,Saudi Arabia,Unassigned
5242,Qiddiya - 21B and 21C Resort Core Civic Buildings,[UNEC] United Engineering Construction,Contractor,Postponed,Saudi Arabia,Unassigned
5243,Qiddiya - 21B and 21C Resort Core Civic Buildings,[UNEC] United Engineering Construction,Contractor,Sent,Saudi Arabia,Fatma Hesham
5244,Qiddiya - 21B and 21C Resort Core Civic Buildings,[UNEC] United Engineering Construction,Contractor,Sent,Saudi Arabia,Fatma Hesham
5245,Qiddiya - 21B and 21C Resort Core Civic Buildings,[UNEC] United Engineering Construction,Contractor,Sent,Saudi Arabia,Fatma Hesham
5246,QUATTRO(SCHOOL),Alghanim International,Contractor,Lose,Saudi Arabia,Fathy Keshk
5247,Qurtobah Project Towers,Building Methods Contracting (BMC),-,Sent,Saudi Arabia,Unassigned
5248,Qurtobah Project Towers,Building Methods Contracting (BMC),-,Sent,Saudi Arabia,Unassigned
5249,Qurtobah Project Towers,Building Methods Contracting (BMC),-,Sent,Saudi Arabia,Unassigned
5250,Rabiah Hospital,Trispec Design & build,-,Lose,Saudi Arabia,Unassigned
5251,Rabiah Hospital,Trispec Design & build,-,Lose,Saudi Arabia,Sherouk Ramdan
5252,Rabiah Hospital,Trispec Design & build,-,Lose,Saudi Arabia,Sherouk Ramdan
5253,Rabigh 2 IPP Expansion Project,ELSEWEDY ELECTRIC PSP,-,Under Study,Saudi Arabia,Faiza Ahmed
5254,RAD SUBSTATIONS,TDP,-,cold case,Saudi Arabia,Mohamed Ali
5255,Rafaa Project,Construct,-,Lose,Saudi Arabia,Faiza Ahmed
5256,Rafaa Project,Construct,-,Lose,Saudi Arabia,Sherouk Ramdan
5257,RAFFLES HOTEL,MOBCO,-,cold case,Saudi Arabia,Unassigned
5258,RAFFLES HOTEL,MOBCO,-,cold case,Saudi Arabia,Unassigned
5259,RAFFLES HOTEL,MOBCO,-,cold case,Saudi Arabia,Unassigned
5260,Ras Alkhair building project,Hashem Contracting,-,Sent,Saudi Arabia,Mohamed Ali
5261,Ras Alkhair building project,Hashem Contracting,-,Sent,Saudi Arabia,Mohamed Ali
5262,RAS MOHAISEN WATER TRANSMISSION SYSTEM PHASE 1,Sdn,-,Under Study,Saudi Arabia,Unassigned
5263,RASHID 4 STARS HOTEL -SUB03,Rashid Mahya Marzouq Al-Rashidi,-,Sent,Saudi Arabia,Fatma Hesham
5264,RASHID 4 STARS HOTEL -SUB03,Rashid Mahya Marzouq Al-Rashidi,-,Sent,Saudi Arabia,Fatma Hesham
5265,RASHID 4 STARS HOTEL -SUB03,Rashid Mahya Marzouq Al-Rashidi,-,Sent,Saudi Arabia,Fatma Hesham
5266,RASHID 4 STARS HOTEL -SUB03,Rashid Mahya Marzouq Al-Rashidi,-,Sent,Saudi Arabia,Ali Ketkat
5267,RE: RFQ – Electrical – COMPREHENSIVE CORRIDOR DEVELOPMENT PLAN FOR PRINCE TURKI ROAD  Project,SAMA Construction,-,Lose,Saudi Arabia,Unassigned
5268,REDSEA,Creet International Contracting Co. Ltd,-,cold case,Saudi Arabia,Mohamed Ali
5269,REDSEA,Creet International Contracting Co. Ltd,-,cold case,Saudi Arabia,Mohamed Ali
5270,Reformatory-Abha,Aldeyabi Group,-,cold case,Saudi Arabia,Unassigned
5271,Reformatory-Abha,Aldeyabi Group,-,Lose,Saudi Arabia,Ahmed Farawilo
5272,Reformatory-Abha,Aldeyabi Group,-,cold case,Saudi Arabia,Nourhan Mohamed
5273,Reformatory-Abha,Aldeyabi Group,-,cold case,Saudi Arabia,Nourhan Mohamed
5274,Rehab commercial office,AICC,Contractor,Sent,Saudi Arabia,Fatma Hesham
5275,Rehab commercial office,AICC,Contractor,Sent,Saudi Arabia,Fatma Hesham
5276,Rehab commercial office,AICC,Contractor,Sent,Saudi Arabia,Faiza Ahmed
5277,Rehabilitation Of Adminstrative Facility at PSMMC,SBCM,-,cold case,Saudi Arabia,Unassigned
5278,Request for Quotation – HVAC Supply & Installation of Indoor Air Conditioning Units – Ministry of Energy Building,ACACIA Real Estate,Contractor,Sent,Saudi Arabia,Unassigned
5279,Residential Building,ACACIA Real Estate,Contractor,Sent,Saudi Arabia,Fatma Hesham
5280,RITZ CARLTON RESORT,Alghanim International,Contractor,Postponed,Saudi Arabia,Unassigned
5281,RITZ CARLTON RESORT,Alghanim International,Contractor,Postponed,Saudi Arabia,Unassigned
5282,RITZ CARLTON RESORT,Alghanim International,Contractor,Postponed,Saudi Arabia,Unassigned
5283,RITZ CARLTON RESORT,Alghanim International,Contractor,Postponed,Saudi Arabia,Unassigned
5284,Riyad Bank Buraydah,AMCO Construction,-,Sent,Saudi Arabia,Nourhan Mohamed
5285,Riyad Bank Buraydah,AMCO Construction,-,Sent,Saudi Arabia,Nourhan Mohamed
5286,Riyad Bank Buraydah,AMCO Construction,-,Sent,Saudi Arabia,Nourhan Mohamed
5287,Riyadh Main Electricity Network Reinforcement Project,Al Jabal Al Arabia Contracting Company,-,cold case,Saudi Arabia,Unassigned
5288,Riyadh unit,ARKAD Engineering & Construction,-,Lose,Saudi Arabia,Sherouk Ramdan
5289,ROSHN,AICC,Contractor,cold case,Saudi Arabia,Unassigned
5290,ROSHN,AICC,Contractor,Lose,Saudi Arabia,Sherouk Ramdan
5291,ROSHN,AICC,Contractor,Lose,Saudi Arabia,Sherouk Ramdan
5292,ROSHN,AICC,Contractor,Lose,Saudi Arabia,Sherouk Ramdan
5293,ROYA,BCC | Building Construction Company,-,Lose,Saudi Arabia,Ghaidaa Saad
5294,ROYA,BCC | Building Construction Company,-,Lose,Saudi Arabia,Nada Mohamed
5295,ROYA,BCC | Building Construction Company,-,Lose,Saudi Arabia,Sherouk Ramdan
5296,Royal clinic,Mehwar,-,Sent,Saudi Arabia,Faiza Ahmed
5297,Royal Commission,Abdullah Ibrahim Al Sayegh,Contractor,Lose,Saudi Arabia,Ghaidaa Saad
5298,Royal Commission,Abdullah Ibrahim Al Sayegh,Contractor,Lose,Saudi Arabia,Mahmoud Hassan
5299,Rua Al Madinah,Alghanim International,Contractor,cold case,Saudi Arabia,Unassigned
5300,Rua Al Madinah,Alghanim International,Contractor,Postponed,Saudi Arabia,Sherouk Ramdan
5301,Rua Al Madinah,Alghanim International,Contractor,Postponed,Saudi Arabia,Sherouk Ramdan
5302,Saad Al-Tassan,Riyadh Villas Contracting Company,Contractor,Sent,Saudi Arabia,Unassigned
5303,Saad Al-Tassan,Riyadh Villas Contracting Company,Contractor,Sent,Saudi Arabia,Unassigned
5304,Saad Al-Tassan,Riyadh Villas Contracting Company,Contractor,cold case,Saudi Arabia,Unassigned
5305,"Sadaf Resort, Jeddah",Al Hokair Lynx,-,Under Study,Saudi Arabia,Unassigned
5306,"Sadaf Resort, Jeddah",Al Hokair Lynx,-,Under Study,Saudi Arabia,Unassigned
5307,"Sadaf Resort, Jeddah",Al Hokair Lynx,-,Under Study,Saudi Arabia,Unassigned
5308,SAL Saudi Logistics Services,Rowad Modern Engineering,-,Under Study,Saudi Arabia,Unassigned
5309,SAL Saudi Logistics Services,Rowad Modern Engineering,-,Under Study,Saudi Arabia,Unassigned
5310,SAL Saudi Logistics Services,Rowad Modern Engineering,-,Under Study,Saudi Arabia,Unassigned
5311,SAL Saudi Logistics Services,Rowad Modern Engineering,-,cold case,Saudi Arabia,Unassigned
5312,Salboukh Tier IV Data Center,Saudi Elaf Company,-,Lose,Saudi Arabia,Sherouk Ramdan
5313,Sales Center Mall,Advanced Elements Contracting Co.,Contractor,Sent,Saudi Arabia,Unassigned
5314,Sales Center Mall,Advanced Elements Contracting Co.,Contractor,Sent,Saudi Arabia,Unassigned
5315,Sales Center Mall,Advanced Elements Contracting Co.,Contractor,Sent,Saudi Arabia,Unassigned
5316,Sales Center Mall,Advanced Elements Contracting Co.,Contractor,Sent,Saudi Arabia,Unassigned
5317,Sama Residence,Simat Al-Bunyan,-,Lose,Saudi Arabia,Faiza Ahmed
5318,Sama Residence,Simat Al-Bunyan,-,Lose,Saudi Arabia,Mohamed Ali
5319,Sama Residence,Simat Al-Bunyan,-,Lose,Saudi Arabia,Mohamed Ali
5320,Saoudi Consult,Saudi Geo Co,-,Sent,Saudi Arabia,Unassigned
5321,Saoudi Consult,Saudi Geo Co,-,Sent,Saudi Arabia,Unassigned
5322,Saoudi Consult,Saudi Geo Co,-,Sent,Saudi Arabia,Unassigned
5323,Saoudi Consult,Saudi Geo Co,-,Sent,Saudi Arabia,Unassigned
5324,SATELLITE OPERATION AND MAINTENANCE CENTRE -KING SALMAN PARK,Riyadh Villas Contracting Company,Contractor,Postponed,Saudi Arabia,Unassigned
5325,SATELLITE OPERATION AND MAINTENANCE CENTRE -KING SALMAN PARK,Riyadh Villas Contracting Company,Contractor,Postponed,Saudi Arabia,Unassigned
5326,SATELLITE OPERATION AND MAINTENANCE CENTRE -KING SALMAN PARK,Riyadh Villas Contracting Company,Contractor,Postponed,Saudi Arabia,Unassigned
5327,SATELLITE OPERATION AND MAINTENANCE CENTRE -KING SALMAN PARK,Riyadh Villas Contracting Company,Contractor,cold case,Saudi Arabia,Unassigned
5328,SCHNEIDER ELECTRIC IN SPARK CITY,DTC,-,Postponed,Saudi Arabia,Faiza Ahmed
5329,SCHNEIDER ELECTRIC IN SPARK CITY,DTC,-,Sent,Saudi Arabia,Mohamed Ali
5330,SCHNEIDER ELECTRIC IN SPARK CITY,DTC,-,Sent,Saudi Arabia,Mohamed Ali
5331,SCHNEIDER ELECTRIC IN SPARK CITY,DTC,-,Sent,Saudi Arabia,Mohamed Ali
5332,SEC WARE HOUSE IN MADINAH,TAREG,-,cold case,Saudi Arabia,Unassigned
5333,SEC WARE HOUSE IN MADINAH,TAREG,-,Lose,Saudi Arabia,Sherouk Ramdan
5334,SEC WARE HOUSE IN MADINAH,TAREG,-,Lose,Saudi Arabia,Sherouk Ramdan
5335,SEC WARE HOUSE IN MADINAH,TAREG,-,Lose,Saudi Arabia,Sherouk Ramdan
5336,self-contained cold storage warehouse,Althaminah General Contracting LTD. Co.,-,cold case,Saudi Arabia,Unassigned
5337,self-contained cold storage warehouse,Althaminah General Contracting LTD. Co. - New Deal,-,cold case,Saudi Arabia,Unassigned
5338,SGH Western tower project.,IHCC,-,Lose,Saudi Arabia,Unassigned
5339,SGH Western tower project.,IHCC,-,Lose,Saudi Arabia,Mohamed Ali
5340,SGH Western tower project.,IHCC,-,Lose,Saudi Arabia,Mohamed Ali
5341,SGH Western tower project.,IHCC,-,Lose,Saudi Arabia,Mohamed Ali
5342,Shuhada Mosque,AICC,Contractor,Lose,Saudi Arabia,Ahmed Farawilo
5343,Shuhada Mosque,AICC,Contractor,Lose,Saudi Arabia,Ahmed Farawilo
5344,Shuhada Mosque,AICC,Contractor,Lose,Saudi Arabia,Ahmed Farawilo
5345,Shuhada Mosque,AICC,Contractor,Lose,Saudi Arabia,Fathy Keshk
5346,SIFR Offices,Construction & Planning Co. Ltd. (C&P®),-,Lose,Saudi Arabia,Ahmed Farawilo
5347,SIFR Offices,Construction & Planning Co. Ltd. (C&P®),-,Lose,Saudi Arabia,Ahmed Farawilo
5348,SIFR Offices,Construction & Planning Co. Ltd. (C&P®),-,Lose,Saudi Arabia,Ahmed Farawilo
5349,SIFR Offices,Construction & Planning Co. Ltd. (C&P®),-,Lose,Saudi Arabia,Faiza Ahmed
5350,SITE DEVELOPMENT FOR PLASCHEM PARK-RCJY 2,Abdulmohsen Al-Tamimi Group,-,cold case,Saudi Arabia,Faiza Ahmed
5351,SITE DEVELOPMENT FOR PLASCHEM PARK-RCJY 2,Abdulmohsen Al-Tamimi Group,-,cold case,Saudi Arabia,Unassigned
5352,SITE DEVELOPMENT FOR PLASCHEM PARK-RCJY 2,Abdulmohsen Al-Tamimi Group,-,cold case,Saudi Arabia,Unassigned
5353,SITE DEVELOPMENT FOR PLASCHEM PARK-RCJY 2,Abdulmohsen Al-Tamimi Group,-,cold case,Saudi Arabia,Unassigned
5354,SKI VILLAGE GC,Alghanim International,Contractor,Postponed,Saudi Arabia,Unassigned
5355,SKI VILLAGE GC,Alghanim International,Contractor,Sent,Saudi Arabia,Mohamed Ali
5356,SKI VILLAGE GC,Alghanim International,Contractor,Postponed,Saudi Arabia,Nourhan Mohamed
5357,SKI VILLAGE GC,Alghanim International,Contractor,Postponed,Saudi Arabia,Sherouk Ramdan
5358,Sky Gardens Tower,Hashem Contracting,-,cold case,Saudi Arabia,Unassigned
5359,Sky Gardens Tower,Hashem Contracting,-,cold case,Saudi Arabia,Unassigned
5360,Sky Gardens Tower,Hashem Contracting,-,cold case,Saudi Arabia,Unassigned
5361,Sky Gardens Tower,Hashem Contracting,-,cold case,Saudi Arabia,Unassigned
5362,Skyline Tower,BMCC,-,Lose,Saudi Arabia,Unassigned
5363,Skyline Tower,BMCC,-,Lose,Saudi Arabia,Unassigned
5364,Skyline Tower,BMCC,-,cold case,Saudi Arabia,Unassigned
5365,Soul,BMCC,-,Sent,Saudi Arabia,Mohamed Ali
5366,Soul,BMCC,-,Sent,Saudi Arabia,Mohamed Ali
5367,Soul,BMCC,-,Sent,Saudi Arabia,Mohamed Ali
5368,Soul,BMCC,-,Under Study,Saudi Arabia,Faiza Ahmed
5369,Southwest Transport HUB Project,SAMA Construction,-,Lose,Saudi Arabia,Unassigned
5370,Southwest Transport HUB Project,SAMA Construction,-,Lose,Saudi Arabia,Mohamed Ali
5371,Southwest Transport HUB Project,SAMA Construction,-,Lose,Saudi Arabia,Mohamed Ali
5372,Southwest Transport HUB Project,SAMA Construction,-,Lose,Saudi Arabia,Mohamed Ali
5373,Sport Boulevard Foundation,TAMEAR,-,cold case,Saudi Arabia,Unassigned
5374,Sport Training Facility - PNU,Arabian Housing and Building Contracting Company,-,Lose,Saudi Arabia,Unassigned
5375,Sport Training Facility - PNU,Arabian Housing and Building Contracting Company,-,Lose,Saudi Arabia,Faiza Ahmed
5376,STANDARD RESIDENSE JEDDAH,IHCC,-,Postponed,Saudi Arabia,Nourhan Mohamed
5377,STANDARD RESIDENSE JEDDAH,IHCC,-,Postponed,Saudi Arabia,Nourhan Mohamed
5378,STANDARD RESIDENSE JEDDAH,IHCC,-,Postponed,Saudi Arabia,Nourhan Mohamed
5379,STANDARD RESIDENSE JEDDAH,IHCC,-,Under Study,Saudi Arabia,Unassigned
5380,STC Hotel,AL SAAD GENERAL CONTRACTING,Contractor,Sent,Saudi Arabia,Unassigned
5381,STC Hotel,AL SAAD GENERAL CONTRACTING,Contractor,Sent,Saudi Arabia,Unassigned
5382,STC Hotel,AL SAAD GENERAL CONTRACTING,Contractor,Under Study,Saudi Arabia,Unassigned
5383,STC Hotel,AL SAAD GENERAL CONTRACTING,Contractor,Sent,Saudi Arabia,Mohamed Ali
5384,Sumood Project,BMCC,-,Sent,Saudi Arabia,Mohamed Ali
5385,T171-Rualmadinah-D9A-Asset 5 Construction,Abdulmohsen Al-Tamimi Group,-,cold case,Saudi Arabia,Unassigned
5386,T171-Rualmadinah-D9A-Asset 5 Construction,Abdulmohsen Al-Tamimi Group,-,Sent,Saudi Arabia,Sherouk Ramdan
5387,T171-Rualmadinah-D9A-Asset 5 Construction,Abdulmohsen Al-Tamimi Group,-,Sent,Saudi Arabia,Sherouk Ramdan
5388,T171-Rualmadinah-D9A-Asset 5 Construction,Abdulmohsen Al-Tamimi Group,-,Sent,Saudi Arabia,Sherouk Ramdan
5389,T172 Modon - Development of the Tech City,Abdulmohsen Al-Tamimi Group,-,Sent,Saudi Arabia,Sherouk Ramdan
5390,T172 Modon - Development of the Tech City,Abdulmohsen Al-Tamimi Group,-,Sent,Saudi Arabia,Sherouk Ramdan
5391,T172 Modon - Development of the Tech City,Abdulmohsen Al-Tamimi Group,-,Sent,Saudi Arabia,Sherouk Ramdan
5392,T172 Modon - Development of the Tech City,Abdulmohsen Al-Tamimi Group,-,Sent,Saudi Arabia,Sherouk Ramdan
5393,Tatweer Alarkan,Riyadh Villas Contracting Company,Contractor,Sent,Saudi Arabia,Unassigned
5394,Tatweer Alarkan,Riyadh Villas Contracting Company,Contractor,Sent,Saudi Arabia,Unassigned
5395,Tatweer Alarkan,Riyadh Villas Contracting Company,Contractor,cold case,Saudi Arabia,Unassigned
5396,The Cove Jeddah,Horizons contracting,-,Lose,Saudi Arabia,Mohamed Ali
5397,THE FIRST INDUSTRIAL ZONE IN JEDDAH,Safar Trading and Contracting Company,-,Postponed,Saudi Arabia,Unassigned
5398,THE FIRST INDUSTRIAL ZONE IN JEDDAH,Safar Trading and Contracting Company,-,Postponed,Saudi Arabia,Unassigned
5399,the Jeddah Logistics Park,EDECS,-,Lose,Saudi Arabia,Mohamed Ali
5400,the Jeddah Logistics Park,EDECS,-,Lose,Saudi Arabia,Mohamed Ali
5401,the military police building,SEDER CONSTRUCTION COMPANY,-,cold case,Saudi Arabia,Sherouk Ramdan
5402,the military police building,SEDER CONSTRUCTION COMPANY,-,cold case,Saudi Arabia,Sherouk Ramdan
5403,the military police building,SEDER CONSTRUCTION COMPANY,-,cold case,Saudi Arabia,Sherouk Ramdan
5404,The new King Abdullah Airport,Safari,-,Lose,Saudi Arabia,Fathy Keshk
5405,The new King Abdullah Airport,Safari,-,Lose,Saudi Arabia,Mohamed Ali
5406,The new King Abdullah Airport,Safari,-,Lose,Saudi Arabia,Mohamed Ali
5407,The new King Abdullah Airport,Safari,-,Lose,Saudi Arabia,Mohamed Ali
5408,The Point Project- ABHA,Built industrial,-,cold case,Saudi Arabia,Faiza Ahmed
5409,The Point Project- ABHA,Built industrial,-,Lose,Saudi Arabia,Nourhan Mohamed
5410,The Point Project- ABHA,Built industrial,-,Lose,Saudi Arabia,Sherouk Ramdan
5411,The Point Project- ABHA,Built industrial,-,Lose,Saudi Arabia,Sherouk Ramdan
5412,The Point Project- ABHA,Built industrial,-,Lose,Saudi Arabia,Sherouk Ramdan
5413,The Red Sea International Airport - Upper Air Ballon Building,Deutschland Technology Limited,-,cold case,Saudi Arabia,Unassigned
5414,The Red Sea International Airport - Upper Air Ballon Building,Deutschland Technology Limited,-,Lose,Saudi Arabia,Mohamed Ali
5415,The Red Sea International Airport - Upper Air Ballon Building,Deutschland Technology Limited,-,Lose,Saudi Arabia,Mohamed Ali
5416,The Red Sea International Airport - Upper Air Ballon Building,Deutschland Technology Limited,-,Lose,Saudi Arabia,Mohamed Ali
5417,"The Ritz-Carlton Residences, Al Khobar",BSCC,-,Sent,Saudi Arabia,Mohamed Ali
5418,"The Ritz-Carlton Residences, Al Khobar",BSCC,-,Sent,Saudi Arabia,Mohamed Ali
5419,"The Ritz-Carlton Residences, Al Khobar",BSCC,-,Sent,Saudi Arabia,Mohamed Ali
5420,"The Ritz-Carlton Residences, Al Khobar",BSCC,-,cold case,Saudi Arabia,Unassigned
5421,the Royal Diriyah Opera House project,El Seif Engineering Contracting Co,-,cold case,Saudi Arabia,Mohamed Ali
5422,the Royal Diriyah Opera House project,El Seif Engineering Contracting Co,-,cold case,Saudi Arabia,Unassigned
5423,TMG H.O. -Tahliya- Riyadh,Thabat Construction,Contractor,Lose,Saudi Arabia,Unassigned
5424,TMG H.O. -Tahliya- Riyadh,Thabat Construction,Contractor,Lose,Saudi Arabia,Mahmoud Hassan
5425,TMG H.O. -Tahliya- Riyadh,Thabat Construction,Contractor,Lose,Saudi Arabia,Mohamed Ali
5426,TMG H.O. -Tahliya- Riyadh,Thabat Construction,Contractor,Lose,Saudi Arabia,Mohamed Ali
5427,Town 21,Asala Alkhaleej,-,Lose,Saudi Arabia,Ghaidaa Saad
5428,Town 21,Asala Alkhaleej,-,Lose,Saudi Arabia,Ghaidaa Saad
5429,Town 21,Asala Alkhaleej,-,Lose,Saudi Arabia,Sherouk Ramdan
5430,Trade Exhibitions,-,-,Sent,Saudi Arabia,Unassigned
5431,Trogena,Hassan Allam Construction,-,Postponed,Saudi Arabia,Unassigned
5432,Trogena,Hassan Allam Construction,-,Postponed,Saudi Arabia,Unassigned
5433,Trogena,Hassan Allam Construction,-,Postponed,Saudi Arabia,Unassigned
5434,TSE Al-Hair,KYNZ GENERAL CONTRACTING,-,Sent,Saudi Arabia,Mohamed Ali
5435,TSE Al-Hair,KYNZ GENERAL CONTRACTING,-,Sent,Saudi Arabia,Mohamed Ali
5436,TSE Al-Hair,KYNZ GENERAL CONTRACTING,-,cold case,Saudi Arabia,Mohamed Ali
5437,TSE Al-Hair,KYNZ GENERAL CONTRACTING,-,cold case,Saudi Arabia,Unassigned
5438,Tuwaiq Palace,SATCO,-,cold case,Saudi Arabia,Unassigned
5439,Tuwaiq Palace,SATCO,-,Sent,Saudi Arabia,Mohamed Ali
5440,Tuwaiq Palace,SATCO,-,cold case,Saudi Arabia,Unassigned
5441,Tuwaiq School,Bani Company,-,Sent,Saudi Arabia,Sherouk Ramdan
5442,Uthman Bin Afan Road Project,China State Construction,-,Sent,Saudi Arabia,Mohamed Ali
5443,Uthman bin Affan Road,China State Construction,-,cold case,Saudi Arabia,Faiza Ahmed
5444,View Arch 15 Building,United View for Real Estate Development,-,Lose,Saudi Arabia,Mohamed Ali
5445,Villa ( Pavilions ) Sadaf Resort,Al Hokair Lynx,-,Sent,Saudi Arabia,Fatma Hesham
5446,Villa ( Pavilions ) Sadaf Resort,Al Hokair Lynx,-,Sent,Saudi Arabia,Fatma Hesham
5447,Villa ( Pavilions ) Sadaf Resort,Al Hokair Lynx,-,Sent,Saudi Arabia,Fatma Hesham
5448,Villa ( Pavilions ) Sadaf Resort,Al Hokair Lynx,-,Under Study,Saudi Arabia,Unassigned
5449,VIP Villa,MARCO,-,Postponed,Saudi Arabia,Unassigned
5450,VIP Villa,MARCO,-,Postponed,Saudi Arabia,Unassigned
5451,VIP Villa,MARCO,-,Postponed,Saudi Arabia,Unassigned
5452,VIP Villa,MARCO,-,Under Study,Saudi Arabia,Unassigned
5453,Visitor Center Madinah-KEC,Spacemaker Saudi Arabia LLC,-,cold case,Saudi Arabia,Unassigned
5454,VOCO Hotel,AL MABANI AL UMUMIYYAH,Contractor,Lose,Saudi Arabia,Fathy Keshk
5455,VOCO Hotel,AL MABANI AL UMUMIYYAH,Contractor,Lose,Saudi Arabia,Ghaidaa Saad
5456,VOCO Hotel,AL MABANI AL UMUMIYYAH,Contractor,Lose,Saudi Arabia,Mohamed Ali
5457,VOCO Hotel,AL MABANI AL UMUMIYYAH,Contractor,Lose,Saudi Arabia,Nourhan Mohamed
5458,WAAD ALSHAMAL,SAUDI ZAAS CONSTRUCTION COMPANY,-,cold case,Saudi Arabia,Unassigned
5459,WAAED OFFICES & RETAIL PROJECT,Rowad Modern Engineering,-,Under Study,Saudi Arabia,Nourhan Mohamed
5460,WAAED OFFICES & RETAIL PROJECT,Rowad Modern Engineering,-,Under Study,Saudi Arabia,Nourhan Mohamed
5461,WAAED OFFICES & RETAIL PROJECT,Rowad Modern Engineering,-,Under Study,Saudi Arabia,Nourhan Mohamed
5462,WAAED OFFICES & RETAIL PROJECT,Rowad Modern Engineering,-,cold case,Saudi Arabia,Unassigned
5463,Wadi Safar,Freyssinet Saudi Arabia,-,Sent,Saudi Arabia,Nourhan Mohamed
5464,Wadi Safar,Freyssinet Saudi Arabia,-,Sent,Saudi Arabia,Nourhan Mohamed
5465,Wadi Safar,Freyssinet Saudi Arabia,-,Sent,Saudi Arabia,Nourhan Mohamed
5466,Wadi Safar,Freyssinet Saudi Arabia,-,cold case,Saudi Arabia,Ghaidaa Saad
5467,Wadi Safar-Aman Samar Self Performance MEP & Fit out,Shade Corporation Ltd.,-,cold case,Saudi Arabia,Unassigned
5468,Wadi Safar-Aman Samar Self Performance MEP & Fit out,Shade Corporation Ltd.,-,cold case,Saudi Arabia,Unassigned
5469,Wadi Safar-Aman Samar Self Performance MEP & Fit out,Shade Corporation Ltd.,-,cold case,Saudi Arabia,Unassigned
5470,Wadi Safar-Aman Samar Self Performance MEP & Fit out,Shade Corporation Ltd.,-,cold case,Saudi Arabia,Unassigned
5471,Waqf Algeshairi,Kabbani Construction Group,-,cold case,Saudi Arabia,Unassigned
5472,Waqf Algeshairi,Kabbani Construction Group,-,Lose,Saudi Arabia,Nourhan Mohamed
5473,Waqf Algeshairi,Kabbani Construction Group,-,Lose,Saudi Arabia,Unassigned
5474,Waqf Algeshairi,Kabbani Construction Group,-,Lose,Saudi Arabia,Nourhan Mohamed
5475,ware house - Horse Pilot,CCE,-,Lose,Saudi Arabia,Fathy Keshk
5476,ware house - Horse Pilot,CCE,-,Lose,Saudi Arabia,Sherouk Ramdan
5477,ware house - Horse Pilot,CCE,-,cold case,Saudi Arabia,Sherouk Ramdan
5478,WAREHOUSE & BUILDINGS-(AL AHSA),Hashem Contracting,-,Postponed,Saudi Arabia,Unassigned
5479,WAREHOUSE & BUILDINGS-(AL AHSA),Hashem Contracting,-,Postponed,Saudi Arabia,Unassigned
5480,warehouse at Dammam 2nd Industrial City,JABCO,-,cold case,Saudi Arabia,Unassigned
5481,Water supply project at King Abdullah Airport in Jazan,Washnah Contracting Co.,-,Postponed,Saudi Arabia,Unassigned
5482,Wesham,ORAK,-,Sent,Saudi Arabia,Sherouk Ramdan
5483,Wesham,ORAK,-,Sent,Saudi Arabia,Sherouk Ramdan
5484,Wesham,ORAK,-,Postponed,Saudi Arabia,Faiza Ahmed
5485,Wudayhi,Saudi Elaf Company,-,Lose,Saudi Arabia,Faiza Ahmed
5486,Wudayhi,Saudi Elaf Company,-,Lose,Saudi Arabia,Nourhan Mohamed
5487,Wudayhi,Saudi Elaf Company,-,Lose,Saudi Arabia,Nourhan Mohamed
5488,Wudayhi,Saudi Elaf Company,-,Lose,Saudi Arabia,Nourhan Mohamed
5489,Xtreme Zone,Magdi AlNimr,-,Sent,Saudi Arabia,Ahmed Mosbah
5490,Xtreme Zone,Magdi AlNimr,-,Sent,Saudi Arabia,Ghaidaa Saad
5491,Xtreme Zone,Magdi AlNimr,-,Sent,Saudi Arabia,Mahmoud Hassan
5492,Xtreme Zone,Magdi AlNimr,-,Sent,Saudi Arabia,Mohamed Ali
5493,Zaid Abu Hemid,????? | Azdan,-,Lose,Saudi Arabia,Ahmed Mosbah
5494,Zaid Abu Hemid,????? | Azdan,-,Lose,Saudi Arabia,Mohamed Ali
5495,Zaid Abu Hemid,????? | Azdan,-,Lose,Saudi Arabia,Nada Mohamed
5496,ZOOD COMMERCIAL,LPCC,Owner,Sent,Saudi Arabia,Fatma Hesham
5497,ZOOD COMMERCIAL,LPCC,Owner,Sent,Saudi Arabia,Fatma Hesham
5498,ZOOD COMMERCIAL,LPCC,Owner,Sent,Saudi Arabia,Faiza Ahmed
5499,????? ??????? ???????? ???????? ?? ????? ???? (??????? ?????? ????????),Nabatat Contracting Co.,-,cold case,Saudi Arabia,Unassigned
5500,??? ?????,Atheel Contracting,-,Lose,Saudi Arabia,Unassigned
5501,??? ?????,Atheel Contracting,-,Lose,Saudi Arabia,Unassigned
5502,??? ?????,Atheel Contracting,-,Lose,Saudi Arabia,Unassigned
5503,??? ?????,Atheel Contracting,-,Lose,Saudi Arabia,Unassigned
5504,??? ?????,Atheel Contracting,-,Lose,Saudi Arabia,Unassigned
5508,Uptown Jeddah,Afaq,-,Sent,Saudi Arabia,Nourhan Mohamed
5509,SAYYAH REAL ESTATE CO,Sayah Real Estate,Owner,Sent,Saudi Arabia,Nourhan Mohamed
5510,STC Hotel,Riyadh Villas Contracting Company,Contractor,Sent,Saudi Arabia,Nourhan Mohamed
5511,Tower B Fit-Out,Al Mada Towers,-,New,Saudi Arabia,Ahmed Frawelo
5512,Solar Villas Package,Green Oasis Developments,-,New,Saudi Arabia,Maya Qasem
5513,Community Center,Green Oasis Developments,-,New,Saudi Arabia,Maya Qasem
5514,Manufacturing Hub Retrofit,Helix Manufacturing,-,New,Saudi Arabia,Omar Al-Harbi
5520,SAYYAH REAL ESTATE CO,Sayah Real Estate,Owner,Sent,Saudi Arabia,Nourhan Mohamed
5521,SAYYAH REAL ESTATE CO,Sayah Real Estate,Owner,Sent,Saudi Arabia,Nourhan Mohamed
5524,"AL NEMER BUSINESS CENTER in Al Takhasusi, Riyadh, KSA",Gulf Contracting,Contractor,Under Study,Saudi Arabia,Unassigned
5525,"AL NEMER BUSINESS CENTER in Al Takhasusi, Riyadh, KSA",Gulf Contracting,Contractor,Under Study,Saudi Arabia,Unassigned
5526,"AL NEMER BUSINESS CENTER in Al Takhasusi, Riyadh, KSA",Gulf Contracting,Contractor,Under Study,Saudi Arabia,Unassigned
5527,"AL NEMER BUSINESS CENTER in Al Takhasusi, Riyadh, KSA",Gulf Contracting,Contractor,Under Study,Saudi Arabia,Unassigned
